date,trade_policy,geopolitics,domestic_politics,bitcoin_close,gold_close,msci_world_close,bitcoin_return_5d,gold_return_5d,msci_world_return_5d
2025-01-20,26,36,49,102016.6640625,,,2.6446506556488503,,
2025-01-21,30,44,65,106146.265625,2755.0,157.76858520507812,-3.263200645453701,,
2025-01-22,26,29,45,103653.0703125,2767.60009765625,158.37890625,-1.5102136461376259,-1.0875884012918058,-0.5656138241460051
2025-01-23,29,38,46,103960.171875,2763.10009765625,159.34359741210938,-2.527598084061944,0.133905795704381,-0.5807095492735503
2025-01-24,25,30,38,104819.484375,2777.300048828125,159.2156524658203,-1.0649484150355493,-0.29524901982899143,-0.8223122900625324
2025-01-25,12,20,21,104714.6484375,,,0.019726227713334765,,
2025-01-26,21,24,33,102682.5,,,-0.27022770433131615,,
2025-01-27,22,29,34,102087.6875,2737.5,157.48309326171875,-1.402501403511569,,
2025-01-28,13,34,30,101332.4765625,2766.800048828125,158.41827392578125,-3.595589611147776,,
2025-01-29,14,28,43,103703.2109375,2769.10009765625,157.90640258789062,-2.2157356958646512,2.3401033694067763,-0.6483514508403787
2025-01-30,15,26,42,104735.3046875,2823.0,159.0286102294922,-6.553171727030027,1.0733279783253558,-0.5633030352139246
2025-01-31,18,32,43,102405.0234375,2812.5,158.15249633789062,-5.653607538631644,2.1013368055555537,0.5539677917759667
2025-02-01,7,19,21,100655.90625,,,-4.036136106022092,,
2025-02-02,19,21,26,97688.9765625,,,-1.1873301019362348,,
2025-02-03,30,33,37,101405.421875,2833.89990234375,156.8826141357422,-4.854739183540325,,
2025-02-04,27,37,40,97871.8203125,2853.300048828125,158.13279724121094,-1.4015541532998443,,
2025-02-05,33,47,47,96615.4453125,2871.60009765625,159.0286102294922,0.8509088503819484,1.486974150987308,0.08046363789098177
2025-02-06,18,29,46,96593.296875,2856.0,159.5306396484375,-0.8756996757183111,1.9782913165266036,-0.05552367288378379
2025-02-07,25,38,50,96529.0859375,2867.300048828125,158.0934295654297,1.4055591890494767,1.4543281296604427,0.7658763392170753
2025-02-08,11,14,20,96482.453125,,,0.14656972114586164,,
2025-02-09,9,18,21,96500.09375,,,1.0454653055712804,,
2025-02-10,28,30,35,97437.5546875,2914.300048828125,159.1565704345703,0.14655219484722704,,
2025-02-11,30,36,46,95747.4296875,2912.5,159.4420623779297,0.44659325466553934,,
2025-02-12,24,35,50,97885.859375,2909.0,159.30422973632812,-2.1581018708811794,,
2025-02-13,20,40,35,96623.8671875,2925.89990234375,160.99740600585938,-1.1222075291147937,0.1948185345620912,0.3301543361343695
2025-02-14,20,42,36,97508.96875,2883.60009765625,161.00723266601562,-0.8956708148961989,1.2414968606984544,0.2873546333932664
2025-02-15,12,19,19,97580.3515625,,,0.7722722099615886,,
2025-02-16,15,28,29,96175.03125,,,-0.05145241374694409,,
2025-02-17,13,34,25,95773.3828125,,,0.8398732261287734,,
2025-02-18,16,28,34,95539.546875,2931.60009765625,161.52894592285156,0.7686607525581257,,
2025-02-19,15,31,43,96635.609375,2919.39990234375,161.4698944091797,-5.399083768130897,0.9762280247087585,-2.072794497798214
2025-02-20,18,37,48,98333.9375,2940.0,161.15489196777344,-9.76037965020977,-1.2074829931972841,-2.0157559849516837
2025-02-21,24,37,42,96125.546875,2937.60009765625,158.7628173828125,-12.253270665722804,-0.7080626408175972,-0.47742938754483655
2025-02-22,13,26,25,96577.7578125,,,-12.29427097805662,,
2025-02-23,9,28,25,96273.921875,,,-12.361513721183904,,
2025-02-24,11,37,38,91418.171875,2947.89990234375,158.12295532226562,-5.891889656101268,,
2025-02-25,12,32,42,88736.171875,2904.5,157.90640258789062,6.211874561441344,,
2025-02-26,25,35,44,84347.0234375,2916.800048828125,158.0048370361328,2.0375922794400703,-0.9119616432719524,-1.3830992838728684
2025-02-27,25,31,41,84704.2265625,2883.199951171875,155.5930633544922,2.9726601046785817,0.9156543747042223,-0.6959239858753796
2025-02-28,29,40,38,84373.0078125,2836.800048828125,157.50279235839844,7.408239731586264,2.7672024340392953,-0.474990416197163
2025-03-01,11,33,22,86031.9140625,,,4.567854316416908,,
2025-03-02,20,44,25,94248.3515625,,,-7.963725161307112,,
2025-03-03,20,44,38,86065.671875,2890.199951171875,155.81947326660156,0.10331863222905469,,
2025-03-04,29,46,48,87222.1953125,2909.60009765625,154.51025390625,-7.5911368961509185,,
2025-03-05,33,51,55,90623.5625,2915.300048828125,156.75466918945312,-13.342625434748278,-0.8335350880226855,-3.705112997336535
2025-03-06,27,37,46,89961.7265625,2916.60009765625,154.04757690429688,-7.891706724934499,-0.12686673484902933,-2.5944212474625195
2025-03-07,25,37,32,86742.671875,2904.699951171875,155.17962646484375,-3.4819223742063254,1.1842925969168139,-2.8165404963612084
2025-03-08,16,28,28,86154.59375,,,-5.905536087563523,,
2025-03-09,12,22,24,80601.0390625,,,4.178683723156862,,
2025-03-10,30,36,41,78532.0,2891.0,150.9467315673828,7.399670675648151,,
2025-03-11,27,35,39,82862.2109375,2912.89990234375,150.05093383789062,-0.34095570743712944,,
2025-03-12,47,48,47,83722.359375,2939.10009765625,150.80892944335938,0.4220236118972931,2.0720594848849805,1.7428087096220013
2025-03-13,30,31,39,81066.703125,2984.300048828125,148.87953186035156,2.0375774656248513,1.7022433400446069,2.175337443421199
2025-03-14,28,41,42,83969.1015625,2994.5,152.0492706298828,3.435936488914959,1.3825313856653976,0.9516893683011673
2025-03-15,23,26,23,84343.109375,,,-0.20856957231427664,,
2025-03-16,12,19,27,82579.6875,,,1.7722938071181193,,
2025-03-17,17,24,36,84075.6875,3000.0,153.43724060058594,-0.28926688824281177,,
2025-03-18,22,44,50,82718.5,3035.10009765625,152.1181640625,4.032804028119474,,
2025-03-19,18,30,44,86854.2265625,3035.89990234375,153.49630737304688,0.7422638200986986,-0.7510064699398744,0.9555611621770987
2025-03-20,30,43,55,84167.1953125,3040.0,152.9056854248047,3.9261232362928,-0.5361858167146405,1.5772849885543394
2025-03-21,19,25,31,84043.2421875,3018.199951171875,152.80723571777344,3.400202741613212,0.08945567608358296,0.4831554640204683
2025-03-22,9,17,22,83832.484375,,,3.9896434090380017,,
2025-03-23,16,17,24,86054.375,,,-1.9769204790575756,,
2025-03-24,24,27,34,87498.9140625,3013.10009765625,154.9630584716797,-5.601587376843343,,
2025-03-25,19,41,63,87471.703125,3023.699951171875,155.31744384765625,-5.872961773887953,,
2025-03-26,25,43,52,86900.8828125,3020.89990234375,153.5455322265625,-5.007968399342888,3.373171895080551,-1.7951039277494418
2025-03-27,36,34,48,87177.1015625,3060.199951171875,153.1517791748047,-2.303276492922224,1.918173717681304,-1.272656896439206
2025-03-28,26,27,31,84353.1484375,3086.5,150.49392700195312,-2.213832600905996,1.7301118530293147,1.1446885611243074
2025-03-29,16,24,31,82597.5859375,,,0.6116912277343234,,
2025-03-30,14,20,32,82334.5234375,,,1.8331086244103734,,
2025-03-31,22,26,33,82548.9140625,3122.800048828125,150.7892303466797,1.1579592819068063,,
2025-04-01,33,27,43,85169.171875,3118.89990234375,151.2026824951172,-8.165733383209561,,
2025-04-02,48,36,64,82485.7109375,3139.89990234375,152.21661376953125,-3.9405309878008277,-6.006556240052308,-10.748242623952597
2025-04-03,51,42,41,83102.828125,3097.0,145.96571350097656,-8.21978644303809,-4.152408707014854,-8.079304545918786
2025-04-04,56,48,51,83843.8046875,3012.0,137.07666015625,-1.5145442972595902,1.4774236387782302,6.628362180434788
2025-04-05,27,26,32,83504.796875,,,-4.644830471004003,,
2025-04-06,30,34,32,78214.484375,,,6.636049069395922,,
2025-04-07,44,30,39,79235.3359375,2951.300048828125,135.8560028076172,7.637720425989714,,
2025-04-08,41,37,43,76271.953125,2968.39990234375,134.17269897460938,9.719199697628046,,
2025-04-09,53,52,52,82573.953125,3056.5,146.16259765625,2.3838479635584164,4.851956447836581,-0.1414356870592437
2025-04-10,49,45,39,79626.140625,3155.199951171875,141.85096740722656,5.07729186767929,2.0125507410842625,3.018724025409991
2025-04-11,47,45,45,83404.8359375,3222.199951171875,144.62693786621094,0.754190381084574,3.240026940178131,-0.5989700020182953
2025-04-12,29,32,27,85287.109375,,,-0.45887283303180926,,
2025-04-13,35,32,28,83684.9765625,,,0.9151321497091525,,
2025-04-14,33,34,28,84542.390625,3204.800048828125,145.95587158203125,0.6162866150912105,,
2025-04-15,34,36,48,83668.9921875,3218.699951171875,146.133056640625,1.7991282799566077,,
2025-04-16,33,31,37,84033.8671875,3326.60009765625,143.7606658935547,4.147183961823431,2.392829050047429,-1.4105611007335428
2025-04-17,32,23,38,84895.75,3308.699951171875,144.38084411621094,10.066629513255965,2.7835735792128835,0.48407638734693226
2025-04-18,15,23,29,84450.8046875,,,10.951114938125507,,
2025-04-19,13,16,25,85063.4140625,,,10.439720660606412,,
2025-04-20,17,16,28,85174.3046875,,,11.207834742560552,,
2025-04-21,22,26,33,87518.90625,3406.199951171875,141.7328338623047,8.144552694864139,,
2025-04-22,26,38,40,93441.890625,3400.800048828125,145.0797576904297,0.3349173726117538,,
2025-04-23,30,34,32,93699.109375,3276.300048828125,146.8910369873047,1.3656913427839035,1.7153481162989648,2.8347449180405437
2025-04-24,29,29,42,93943.796875,3332.0,149.72608947753906,0.3629746708595505,-0.39615699795543247,1.36751793563461
2025-04-25,28,36,25,94720.5,3282.39990234375,150.66127014160156,-0.5417913756789683,0.6885235903191678,0.8036572171205236
2025-04-26,12,19,26,94646.9296875,,,1.9497793072559944,,
2025-04-27,16,14,23,93754.84375,,,3.3654011209420798,,
2025-04-28,22,33,34,94978.75,3332.5,151.05502319335938,0.9613170051195663,,
2025-04-29,42,34,37,94284.7890625,3318.800048828125,151.77362060546875,0.0330779761084532,,
2025-04-30,38,35,51,94207.3125,3305.0,151.8720703125,0.5739917349834256,0.1906217497163354,1.523215709536574
2025-05-01,29,32,43,96492.3359375,3210.0,152.36427307128906,0.32141477557439124,6.274140259929917,0.6008505464758507
2025-05-02,26,24,40,96910.0703125,3231.89990234375,154.75634765625,0.12614788081959372,4.625762075477136,-0.7505931703376989
2025-05-03,13,20,23,95891.796875,,,7.664538888639938,,
2025-05-04,15,22,26,94315.9765625,,,9.176467567257497,,
2025-05-05,22,25,27,94748.0546875,3311.300048828125,154.18540954589844,10.49971260128939,,
2025-05-06,44,38,53,96802.4765625,3411.39990234375,153.27975463867188,7.545140446674714,,
2025-05-07,32,38,34,97032.3203125,3381.39990234375,153.59475708007812,5.957430260229812,-4.773168125777694,2.9481463614195347
2025-05-08,36,30,33,103241.4609375,3296.60009765625,154.17555236816406,0.8992042093069585,-1.7078216089404408,3.1924330533234846
2025-05-09,36,30,32,102970.8515625,3335.39990234375,154.3330535888672,0.55215868507692,-4.617137510011493,3.087122273841847
2025-05-10,8,17,23,104696.328125,,,-0.9089979725590336,,
2025-05-11,13,16,15,104106.359375,,,-0.5927306614164296,,
2025-05-12,25,35,28,102812.953125,3220.0,158.12295532226562,0.3677871328530591,,
2025-05-13,26,30,35,104169.8125,3240.300048828125,159.09750366210938,2.185081510538378,,
2025-05-14,22,28,27,103539.4140625,3181.39990234375,159.09750366210938,1.9961148551144392,1.4930534185597422,1.4292847131389008
2025-05-15,15,28,36,103744.640625,3220.699951171875,159.97361755371094,2.9364845202094036,1.8505324482202656,0.7691793356963572
2025-05-16,16,31,29,103489.2890625,3182.0,160.9580078125,5.98012520770379,4.0006300700227815,-1.1620087094484366
2025-05-17,16,19,23,103191.0859375,,,8.21989151043283,,
2025-05-18,11,28,23,106446.0078125,,,0.7908131829450715,,
2025-05-19,20,25,32,105606.1796875,3228.89990234375,161.3714599609375,2.068985516724098,,
2025-05-20,24,33,36,106791.0859375,3280.300048828125,161.2041015625,2.101584292169756,,
2025-05-21,22,24,37,109678.078125,3309.300048828125,159.08766174316406,-0.21673514120942317,,
2025-05-22,24,27,38,111673.28125,3292.300048828125,158.96954345703125,-2.398640565600829,0.20654401868824834,1.448998812466007
2025-05-23,25,32,32,107287.796875,3363.60009765625,158.44781494140625,0.47958040428350834,-2.0811035190769545,1.1245049612693903
2025-05-24,13,14,20,107791.15625,,,-1.9940396895965162,,
2025-05-25,4,13,17,109035.390625,,,-4.6194362065642425,,
2025-05-26,12,16,18,109440.3671875,,,-4.3880275266917295,,
2025-05-27,12,19,31,108994.640625,3299.10009765625,161.27301025390625,-3.0667003839208284,,
2025-05-28,8,18,21,107802.328125,3293.60009765625,160.2295684814453,-1.7817768024200542,2.3378673098410907,1.032120870733233
2025-05-29,24,22,33,105641.7578125,3317.10009765625,160.80052185058594,-0.1981120598839925,0.9978551307213257,0.9611202951389508
2025-05-30,20,25,33,103998.5703125,3288.89990234375,160.76113891601562,0.705215523921332,2.572291652779146,1.108323536429956
2025-05-31,19,17,20,104638.09375,,,-2.926410941999791,,
2025-06-01,13,15,25,105652.1015625,,,-1.1942571835673266,,
2025-06-02,14,24,25,105881.53125,3370.60009765625,161.88333129882812,-0.2511356294726763,,
2025-06-03,20,31,36,105432.46875,3350.199951171875,162.34600830078125,0.34256969582722174,,
2025-06-04,20,28,37,104731.984375,3373.5,162.5428924560547,5.310810466060167,-1.2272091994590228,0.4905462246997505
2025-06-05,24,30,41,101575.953125,3350.699951171875,161.8734893798828,8.546590982332948,-0.8893678712623254,1.283145344868819
2025-06-06,21,26,42,104390.34375,3322.699951171875,163.26150512695312,4.11559258803571,-0.042131470319983766,0.1929341410715546
2025-06-07,6,15,23,105615.625,,,0.2967645057253554,,
2025-06-08,13,13,21,105793.6484375,,,0.2810379610602487,,
2025-06-09,28,42,46,110294.1015625,3332.10009765625,163.34024047851562,-4.3716710542020305,,
2025-06-10,24,36,40,110257.234375,3320.89990234375,163.9505615234375,-4.267484999212778,,
2025-06-11,28,43,42,108686.625,3321.300048828125,163.5764923095703,-1.7388222216855098,2.261158354004267,0.15764706255481098
2025-06-12,23,28,32,105929.0546875,3380.89990234375,164.364013671875,-1.2536102619980283,0.16859994312603543,-1.2396024419407792
2025-06-13,17,41,36,106090.96875,3431.199951171875,162.4247589111328,-1.138306718497184,-1.2065721302429666,-0.036036818054185904
2025-06-14,11,25,20,105472.40625,,,-0.7472259480189924,,
2025-06-15,22,31,25,105552.0234375,,,-2.1244707604566093,,
2025-06-16,32,39,27,106796.7578125,3396.39990234375,163.83436584472656,-4.250458211914642,,
2025-06-17,37,42,42,104601.1171875,3386.60009765625,162.32655334472656,-3.455007613371719,,
2025-06-18,30,42,40,104883.328125,3389.800048828125,162.36622619628906,0.6621122011616132,-0.3569560883224687,0.49487666989980195
2025-06-19,19,33,28,104684.2890625,,,1.3004279459616352,,
2025-06-20,10,23,19,103309.6015625,3368.10009765625,161.71153259277344,3.9218583642962157,-1.2173034889470968,1.9016077389474306
2025-06-21,10,19,19,102257.40625,,,4.5987805895477685,,
2025-06-22,7,30,18,100987.140625,,,6.041649486003564,,
2025-06-23,17,42,26,105577.7734375,3377.699951171875,163.16973876953125,1.6574792501528934,,
2025-06-24,21,42,40,106045.6328125,3317.39990234375,165.07432556152344,2.2065382967135116,,
2025-06-25,18,28,35,107361.2578125,3327.10009765625,164.78665161132812,-0.21043147183926747,-0.9828437483902386,1.9624410780615165
2025-06-26,17,36,36,106960.0,3333.5,166.35397338867188,-1.17961738032909,0.09599373546946843,0.8646348884176591
2025-06-27,19,33,31,107088.4296875,3273.699951171875,167.23681640625,1.6536712977935464,2.2696047266496766,0.7592404839693812
2025-06-28,7,19,16,107327.703125,,,2.1618588397421368,,
2025-06-29,4,14,16,108385.5703125,,,-0.32406008842995604,,
2025-06-30,16,20,25,107135.3359375,3294.39990234375,168.02049255371094,1.022859302592094,,
2025-07-01,18,20,33,105698.28125,3336.699951171875,167.79232788085938,3.343279588569459,,
2025-07-02,18,26,30,108859.3203125,3348.0,168.5065460205078,-0.5139373903804922,-0.4719249948663351,-0.23547426503713886
2025-07-03,22,24,31,109647.9765625,3331.60009765625,169.49851989746094,-0.6363119018455432,-0.7383868692270701,-0.7666640709994454
2025-07-04,16,25,23,108034.3359375,3332.5,,3.047381854510234,-0.6271538587771963,
2025-07-05,9,14,20,108231.1796875,,,7.166163632230815,,
2025-07-06,7,10,17,109232.0703125,,,7.584697288349318,,
2025-07-07,26,26,33,108299.8515625,3332.199951171875,168.10975646972656,8.435260868966154,,
2025-07-08,30,34,44,108950.2734375,3307.0,168.19903564453125,9.330718895195522,,
2025-07-09,19,19,23,111326.5546875,3311.60009765625,169.3298797607422,7.655988691489624,1.2048526744514954,-0.14058497443004692
2025-07-10,19,28,33,115987.203125,3317.39990234375,169.65724182128906,1.5432602276571172,0.37379112706954487,-0.9121245488551311
2025-07-11,21,26,22,117516.9921875,3356.0,168.74462890625,1.039437448374314,-0.10429082240762666,-0.06466315478791396
2025-07-12,12,11,14,117435.2265625,,,1.5792681989785784,,
2025-07-13,12,15,16,119116.1171875,,,-0.9342905488164965,,
2025-07-14,21,17,26,119849.703125,3351.5,169.09182739257812,-1.5934345373456726,,
2025-07-15,26,28,28,117777.1875,3329.800048828125,168.10975646972656,-0.4044912666130718,,
2025-07-16,20,27,28,118738.5078125,3352.5,168.63551330566406,-1.0939742918541606,1.4735243055555625,0.7176454439530966
2025-07-17,21,21,35,119289.84375,3340.10009765625,169.577880859375,0.5914755945013228,2.966972564240322,0.333433632166269
2025-07-18,15,22,37,118003.2265625,3353.0,169.4390106201172,0.6370456104451083,1.2257708814867208,1.5689970286432597
2025-07-19,8,10,16,117939.9765625,,,0.3629163325068019,,
2025-07-20,9,7,17,117300.7890625,,,0.285670499472479,,
2025-07-21,14,12,24,117439.5390625,3401.89990234375,169.84571838378906,0.4324166537555518,,
2025-07-22,20,24,36,119995.4140625,3439.199951171875,170.143310546875,-0.45578564753744333,,
2025-07-23,19,19,32,118754.9609375,3394.10009765625,172.09750366210938,-0.6993260478920793,-2.504345704438582,-0.2824379873285543
2025-07-24,24,22,38,118368.0,3371.0,171.95863342285156,-0.37666562119830216,-1.4120468008380294,-0.41535186935405255
2025-07-25,21,21,36,117635.8828125,3334.0,172.35540771484375,0.16602475607829792,-1.145769381279993,-0.9266181068469437
2025-07-26,13,13,14,117947.3671875,,,-1.8560516565154894,,
2025-07-27,15,18,10,119448.4921875,,,-5.130584855253051,,
2025-07-28,34,26,29,117924.4765625,3309.10009765625,171.61143493652344,-4.577135008217981,,
2025-07-29,40,31,35,117922.1484375,3323.39990234375,171.24440002441406,-3.1414595235800147,,
2025-07-30,23,26,29,117831.1875,3295.800048828125,170.75833129882812,-2.341743935577323,2.3848489699359154,-0.4182625434530296
2025-07-31,30,33,36,115758.203125,3293.199951171875,169.7266845703125,-1.396668027711323,2.6934274410004067,-0.15196155641430398
2025-08-01,28,31,43,113320.0859375,3347.699951171875,167.60386657714844,1.5071591663299522,0.9648430056229618,1.9116927970435738
2025-08-02,14,15,21,112526.9140625,,,4.416707253021768,,
2025-08-03,6,8,12,114217.671875,,,2.163460913652937,,
2025-08-04,14,17,25,115071.8828125,3374.39990234375,170.0441131591797,1.2413775872839317,,
2025-08-05,16,20,33,114141.4453125,3381.89990234375,169.46876525878906,4.525361042922005,,
2025-08-06,25,22,40,115028.0,3380.0,170.8079376220703,3.219603324842657,-0.7958550989275115,0.5284852183776945
2025-08-07,29,27,40,117496.8984375,3400.300048828125,170.96665954589844,2.2775135753250852,-1.5116356129245,1.6071798481159805
2025-08-08,21,19,23,116688.7265625,3439.10009765625,172.2363739013672,5.703495216339793,-2.337825134521898,1.2325115792142682
2025-08-09,10,17,22,116500.359375,,,1.595890999799754,,
2025-08-10,5,16,17,119306.7578125,,,-1.59957934067676,,
2025-08-11,19,22,21,118731.4453125,3353.10009765625,171.71063232421875,-1.044452669413809,,
2025-08-12,21,31,32,120172.90625,3348.89990234375,173.7144012451172,-2.2632753379050463,,
2025-08-13,17,32,32,123344.0625,3358.699951171875,174.3592071533203,-5.749567394052713,-0.8038824662077837,-0.1422357343106806
2025-08-14,18,28,27,118359.578125,3335.199951171875,174.19056701660156,-4.6708500698282585,-0.653635438572886,-0.46128363148711937
2025-08-15,18,29,27,117398.3515625,3336.0,174.30960083007812,-2.6606927043068995,0.22181961462079958,-0.5975460876711414
2025-08-16,8,18,17,117491.3515625,,,-4.317186112036309,,
2025-08-17,10,21,10,117453.0625,,,-0.49294292560485564,,
2025-08-18,13,28,20,116252.3125,3331.699951171875,174.1112060546875,-0.7552403527456675,,
2025-08-19,17,32,28,112831.1796875,3313.39990234375,173.38705444335938,0.555919030304608,,
2025-08-20,15,23,20,114274.7421875,3343.39990234375,173.2680206298828,-3.6319404844424086,0.9092584606186227,0.46946388789792515
2025-08-21,16,21,27,112419.03125,3336.89990234375,172.56373596191406,-0.5482835007084241,1.5493481022966105,1.1381858757215424
2025-08-22,17,18,29,116874.0859375,3374.39990234375,175.14285278320312,-4.835993703961449,0.8949797352567401,-0.19822860140847887
2025-08-23,10,15,17,115374.328125,,,-2.4524722990667436,,
2025-08-24,12,11,14,113458.4296875,,,-4.4488485905389785,,
2025-08-25,11,19,28,110124.3515625,3373.800048828125,174.08145141601562,-1.195268104941305,,
2025-08-26,17,20,29,111802.65625,3388.60009765625,174.52783203125,-3.189499634540216,,
2025-08-27,25,29,34,111222.0625,3404.60009765625,174.79566955566406,-1.7725518711721455,,
2025-08-28,15,23,21,112544.8046875,3431.800048828125,175.49996948242188,-1.1943854305247137,3.426768804778768,-1.3395914956276345
2025-08-29,16,30,37,108410.8359375,3473.699951171875,174.46832275390625,3.0553910698646547,3.4401359265265885,-0.38663783558376963
2025-08-30,11,12,18,108808.0703125,,,1.7604679914812627,,
2025-08-31,10,13,16,108236.7109375,,,2.230549521126979,,
2025-09-01,10,15,15,109250.59375,,,0.8916212983968386,,
2025-09-02,15,18,31,111200.5859375,3549.39990234375,173.14898681640625,-0.029648000252924245,,
2025-09-03,17,33,38,111723.2109375,3593.199951171875,173.79376220703125,0.31167986229361233,1.2495866384984122,1.1758030116206353
2025-09-04,26,26,38,110723.6015625,3565.800048828125,175.24205017089844,0.7287925077513968,2.173425288539943,0.5094533466066808
2025-09-05,23,26,31,110650.984375,3613.199951171875,175.01388549804688,2.9863042056646805,0.8413635252739082,0.8105261597721292
2025-09-06,11,17,16,110224.6953125,,,4.792795058332899,,
2025-09-07,16,27,22,111167.6171875,,,4.438307721553647,,
2025-09-08,26,31,29,112071.4296875,3638.10009765625,175.8372344970703,3.461255143988451,,
2025-09-09,16,20,33,111530.546875,3643.300048828125,176.13482666015625,3.4762757680596224,,
2025-09-10,23,32,28,113955.359375,3643.60009765625,176.4324188232422,1.307104495277267,1.0593877615837854,1.3043953929345875
2025-09-11,17,26,35,115507.5390625,3636.89990234375,178.0294952392578,1.1563300961483503,1.4297891444988498,0.3008826089851979
2025-09-12,22,32,40,116101.578125,3649.39990234375,177.81126403808594,0.3160419465659148,0.8878212131141483,0.17294201109254725
2025-09-13,14,18,19,115950.5078125,,,1.0234498622627486,,
2025-09-14,6,9,19,115407.65625,,,0.2436607190001716,,
2025-09-15,11,29,34,115444.875,3682.199951171875,178.73379516601562,0.24001579758303748,,
2025-09-16,22,30,46,116843.1875,3688.89990234375,178.56515502929688,-1.315518502094959,,
2025-09-17,32,34,47,116468.5078125,3681.800048828125,178.1187744140625,-3.1939964457935233,1.5997583128529058,1.1973760047808701
2025-09-18,21,21,40,117137.203125,3643.699951171875,179.0512237548828,-4.373250332375989,3.7571739802654713,0.26039045700294583
2025-09-19,21,28,35,115688.859375,3671.5,179.58688354492188,-2.0401502575536967,1.6505542055358813,-0.48607380865270944
2025-09-20,10,15,22,115721.9609375,,,-5.766124096880654,,
2025-09-21,14,17,20,115306.09375,,,-4.850797944059226,,
2025-09-22,18,26,32,112748.5078125,3740.699951171875,180.25152587890625,-2.719825352455818,,
2025-09-23,25,36,52,112014.5,3780.60009765625,179.5174560546875,0.09654163077101874,,
2025-09-24,20,42,41,113328.6328125,3732.10009765625,178.71395874023438,0.9457009878282019,2.3793521707326626,0.42739202325643433
2025-09-25,25,26,36,109049.2890625,3736.89990234375,177.90054321289062,4.5913154666514355,2.780383451513102,1.237870843622324
2025-09-26,28,26,32,109712.828125,3775.300048828125,178.85284423828125,8.144992445476618,2.4421886996900843,1.1425353843003805
2025-09-27,10,19,23,109681.9453125,,,10.028371094861011,,
2025-09-28,15,17,28,112122.640625,,,9.047138533712173,,
2025-09-29,12,21,22,114400.3828125,3820.89990234375,179.47776794433594,7.014877640884198,,
2025-09-30,15,26,28,114056.0859375,3840.800048828125,180.10272216796875,8.29187723501439,,
2025-10-01,15,27,37,118648.9296875,3867.5,180.89630126953125,5.144253368804752,2.0943762120232634,0.6854617628352822
2025-10-02,11,25,34,120681.2578125,3839.699951171875,181.1740570068359,0.6381479725679817,3.5653865725261413,-0.010957244595766191
2025-10-03,18,20,28,122266.53125,3880.800048828125,181.54107666015625,0.8901339772817041,4.187280920310998,0.2786809572047133
2025-10-04,15,21,30,122425.4296875,,,-0.5879854796813522,,
2025-10-05,11,22,23,123513.4765625,,,-8.338449909786538,,
2025-10-06,11,19,28,124752.53125,3948.5,182.1362762451172,-11.177848094765608,,
2025-10-07,10,25,29,121451.3828125,3976.60009765625,181.1542053222656,-5.172124879959361,,
2025-10-08,14,28,27,123354.8671875,4043.300048828125,182.0469970703125,-6.55327936936011,1.6150186243796272,-1.563865183336477
2025-10-09,21,39,33,121705.5859375,3946.300048828125,181.2038116455078,-7.055487066476706,4.875456607550888,-1.0401273290531643
2025-10-10,13,30,33,113214.3671875,3975.89990234375,176.76968383789062,-2.1474333915355137,5.055459265498929,1.8574633022747644
2025-10-11,8,20,21,110807.8828125,,,-2.3661166366985564,,
2025-10-12,6,18,16,115169.765625,,,-7.555782123265042,,
2025-10-13,15,28,21,115271.078125,4108.60009765625,179.2000274658203,-7.003328702491906,,
2025-10-14,17,31,30,113118.6640625,4138.7001953125,179.31906127929688,-3.9356486057333773,,
2025-10-15,18,30,30,110783.1640625,4176.89990234375,180.05311584472656,-0.17532842345107102,3.8186215549599556,0.9531217942160941
2025-10-16,18,35,33,108186.0390625,4280.2001953125,179.42819213867188,0.26884389614447723,-4.497458888755801,1.0946418430265226
2025-10-17,15,41,39,106467.7890625,4189.89990234375,180.1820831298828,1.1466349454137381,-3.4726366593772373,0.19269312480856282
2025-10-18,10,10,16,107198.265625,,,2.678644958254184,,
2025-10-19,15,19,26,108666.7109375,,,2.1784140856729417,,
2025-10-20,17,28,31,110588.9296875,4336.39990234375,181.7692413330078,0.9519911965645944,,
2025-10-21,15,31,35,108476.890625,4087.699951171875,181.3922882080078,5.52703405578463,,
2025-10-22,17,30,27,107688.5859375,4044.39990234375,180.52928161621097,5.971609833592062,-1.0508357488430153,2.346277421322829
2025-10-23,26,45,47,110069.7265625,4125.5,181.68988037109375,2.6223718275170116,-3.8613513229457053,1.8999804152570077
2025-10-24,20,21,27,111033.921875,4118.39990234375,182.8108062744141,-0.8813677576855361,-3.2706865376336602,1.041843252921404
2025-10-25,13,16,18,111641.7265625,,,-2.988291018262168,,
2025-10-26,7,15,19,114472.4453125,,,-4.294728951215266,,
2025-10-27,13,23,23,114119.328125,4001.89990234375,184.76499938964844,-3.5535720080283273,,
2025-10-28,18,22,32,112956.1640625,3966.199951171875,185.14195251464844,-2.0508301443542543,,
2025-10-29,23,33,37,110055.3046875,3983.699951171875,184.7154083251953,-3.1872895722385053,0.4167005010346392,-0.4564781208291069
2025-10-30,27,29,29,108305.546875,4001.300048828125,183.16790771484375,-6.200073432296216,-1.3395670657577408,-0.8502517308264568
2025-10-31,14,18,28,109556.1640625,3982.199951171875,183.5448760986328,-5.170250504361029,-0.047709868089140794,-0.6053057508577098
2025-11-01,9,10,18,110064.015625,,,-7.961481791065628,,
2025-11-02,10,11,18,110639.625,,,-6.568368927497725,,
2025-11-03,9,13,26,106547.5234375,4000.300048828125,183.87222290039065,-4.003289905186824,,
2025-11-04,15,22,39,101590.5234375,3947.699951171875,181.6105194091797,3.0801270449453577,,
2025-11-05,16,18,40,103891.8359375,3980.300048828125,182.43386840820312,2.0259126172014197,3.303764898279238,0.6851128798578632
2025-11-06,14,18,39,101301.2890625,3979.89990234375,180.70782470703125,1.6743910202895007,3.1885199491831218,1.9706881812750154
2025-11-07,10,16,25,103372.40625,3999.39990234375,181.09469604492188,-1.6534574476929187,5.125768990489421,2.0157779320272295
2025-11-08,10,16,22,102282.1171875,,,-2.526956882660103,,
2025-11-09,9,14,19,104719.640625,,,-9.856652964903168,,
2025-11-10,15,23,35,105996.59375,4111.7998046875,183.68374633789065,-9.856397213235923,,
2025-11-11,14,25,32,102997.46875,4106.7998046875,184.26901245117188,-8.56369649860934,,
2025-11-12,15,22,35,101663.1875,4204.39990234375,184.7451629638672,-9.412760641603924,-3.237081549729748,-2.6632342921830254
2025-11-13,13,14,33,99697.4921875,4186.89990234375,181.75930786132812,-6.769094226370253,-2.9998293831986933,-1.8883327073422662
2025-11-14,15,21,29,94397.7890625,4087.60009765625,181.7196350097656,-3.105789769142664,-0.2421994874217681,-1.7086065889685975
2025-11-15,10,9,15,95549.1484375,,,-9.332631578430961,,
2025-11-16,12,18,17,94177.078125,,,-9.648197635670696,,
2025-11-17,12,19,31,92093.875,4068.300048828125,179.82496643066406,-8.084702294262236,,
2025-11-18,19,26,28,92948.875,4061.300048828125,178.32708740234375,-6.609942495269571,,
2025-11-19,4,18,27,91465.9921875,4077.699951171875,178.61476135253906,-3.493571338459389,0.34823433165538376,0.6109076631660715
2025-11-20,14,24,31,86631.8984375,4056.5,175.87692260742188,0.819550535432656,2.038708130469624,3.3389726251424
2025-11-21,18,27,37,85090.6875,4076.699951171875,177.7418212890625,6.378700004627413,2.170879515309565,3.0974406292044065
2025-11-22,16,23,24,84648.359375,,,7.840690208297385,,
2025-11-23,11,22,20,86805.0078125,,,4.739654907222457,,
2025-11-24,8,22,25,88270.5625,4091.89990234375,179.7059326171875,2.924185866041129,,
2025-11-25,11,27,25,87341.890625,4139.2001953125,181.74940490722656,3.4947971164323466,,
2025-11-26,6,24,22,90518.3671875,4165.2001953125,183.2472686767578,-4.636403644253484,1.779016755506535,0.05414140532669087
2025-11-27,6,16,17,91285.375,,,0.07101698930414013,,
2025-11-28,7,20,25,90919.265625,4218.2998046875,184.16981506347656,2.869071856848282,-0.45041843585623687,0.21544765663390475
2025-11-29,6,11,16,90851.7578125,,,1.4197492911056653,,
2025-11-30,5,8,13,90394.3125,,,-1.1135155074054048,,
2025-12-01,7,15,17,86321.5703125,4239.2998046875,183.3464813232422,3.418386246702343,,
2025-12-02,16,25,32,91350.203125,4186.60009765625,183.79286193847656,-1.0340015322215512,,
2025-12-03,12,23,32,93527.8046875,4199.2998046875,184.5666046142578,-3.0874257897405055,-0.2881339732279553,-0.08061504542462572
2025-12-04,18,29,36,92141.625,4211.7998046875,184.7550811767578,0.5970004734559442,-0.1210791018444013,-0.19866025322368142
2025-12-05,15,27,36,89387.7578125,4212.89990234375,185.0824279785156,2.945803278255821,-0.3916542140206203,0.29478393366557665
2025-12-06,8,17,16,89272.375,,,3.628178299837992,,
2025-12-07,7,13,14,90405.640625,,,-0.14957757233413638,,
2025-12-08,15,37,30,90640.203125,4187.2001953125,184.41781616210935,-0.37675576149035495,,
2025-12-09,13,34,34,92691.7109375,4206.7001953125,184.38804626464844,-4.872637697933313,,
2025-12-10,18,24,33,92020.9453125,4196.39990234375,185.6280212402344,-6.086836038772081,2.628450470298249,-0.4649200292174971
2025-12-11,21,37,38,92511.3359375,4285.5,186.3422393798828,-5.0451671843256385,0.44335550110838895,-1.1549914531664207
2025-12-12,17,29,32,90270.4140625,4300.10009765625,184.5963592529297,-4.571438264526906,1.102297650456685,-1.2494103221379005
2025-12-13,13,16,18,90298.7109375,,,-5.355783127787239,,
2025-12-14,6,12,14,88175.1796875,,,-0.08142526644624448,,
2025-12-15,11,23,24,86419.78125,4306.7001953125,184.76499938964844,2.2265952565113656,,
2025-12-16,15,24,30,87843.984375,4304.5,184.19000244140625,0.8853942936829506,,
2025-12-17,17,18,30,86143.7578125,4347.5,182.2899932861328,2.7236538921448616,2.233469756325479,2.1943058573277607
2025-12-18,14,21,38,85462.5078125,4339.5,183.6699981689453,2.283448306690783,3.302219257690986,1.9273744107437984
2025-12-19,13,21,25,88103.3828125,4361.39990234375,185.17999267578125,-0.5577786678700347,2.733071903093398,1.3716430745134511
2025-12-20,5,12,22,88344.0,,,-1.2556119402562738,,
2025-12-21,6,9,11,88621.75,,,-1.4898377796646933,,
2025-12-22,11,17,20,88490.015625,4444.60009765625,186.2899932861328,-0.7773299282881618,,
2025-12-23,18,20,30,87414.0,4482.7998046875,187.2100067138672,0.4825725141281767,,
2025-12-24,7,14,16,87611.9609375,4480.60009765625,187.72000122070312,-0.5408169243443894,-3.4705172657863437,-0.33027653588101336
2025-12-25,5,6,8,87234.7421875,,,1.3703148482179905,,
2025-12-26,7,14,13,87301.4296875,4529.10009765625,187.80999755859375,0.23756591185550846,-4.493166315871633,-1.0862005817855014
2025-12-27,6,12,12,87802.15625,,,1.0590037474165204,,
2025-12-28,7,9,7,87835.8359375,,,2.400910007278312,,
2025-12-29,10,21,19,87138.140625,4325.10009765625,187.1000061035156,3.976498523088612,,
2025-12-30,9,28,17,88430.1328125,4370.10009765625,187.0099945068359,3.3736909355611466,,
2025-12-31,11,18,26,87508.828125,4325.60009765625,185.77000427246097,7.283524073017622,2.573048875872863,1.2057868239533587
2026-01-01,7,8,13,88731.984375,,,5.631618531015192,,
2026-01-02,7,12,11,89944.6953125,4314.39990234375,186.5099945068359,1.5157751885902737,3.1267361718246622,0.9168445467969466
2026-01-03,5,14,10,90603.1875,,,0.46790572351551596,,
2026-01-04,14,30,21,91413.4921875,,,-0.9849646955322422,,
2026-01-05,22,44,28,93882.5546875,4436.89990234375,188.0099945068359,-3.7237016628239084,,
2026-01-06,17,43,30,93729.03125,4482.2001953125,188.97999572753903,-3.095700738398488,,
2026-01-07,18,41,27,91308.0546875,4449.2998046875,188.22000122070312,-0.12601571722647975,3.483694217159794,0.972267463174048
2026-01-08,17,37,34,91027.125,4449.7001953125,188.2400054931641,4.717996146752967,3.135042674267252,0.6852917809650361
2026-01-09,22,28,36,90513.1015625,4490.2998046875,189.52999877929688,7.08872688233928,3.028750994711471,-0.3165757966443694
2026-01-10,8,13,18,90386.6484375,,,5.713829588527264,,
2026-01-11,8,18,15,90827.4609375,,,5.172066026631028,,
2026-01-12,17,33,36,91192.9921875,4604.2998046875,190.0500030517578,4.284243332499771,,
2026-01-13,32,33,42,95321.78125,4589.2001953125,189.52999877929688,-1.7701636922568542,,
2026-01-14,27,35,38,96929.328125,4626.2998046875,188.92999267578125,-4.514355417131388,,
2026-01-15,21,36,36,95551.1875,4616.2998046875,189.25,-7.577384896446215,3.1042241412318816,-1.9075300450999033
2026-01-16,23,38,35,95525.1171875,4588.39990234375,189.2100067138672,-6.436167189339514,5.304679354984332,-0.8191971865958658
2026-01-17,21,22,23,95099.921875,,,-5.927942566987521,,
2026-01-18,25,27,20,93634.4296875,,,-4.4113631078712245,,
2026-01-19,30,33,28,92553.59375,,,-3.7198548813778487,,
2026-01-20,34,45,29,88310.90625,4759.60009765625,185.63999938964844,-1.968825339735425,,
2026-01-21,56,64,41,89376.9609375,4831.7998046875,187.66000366210935,-1.241729748761633,5.13060144554216,1.1989768496707631
2026-01-22,45,44,41,89462.453125,4908.7998046875,188.55999755859375,-0.40227246171884445,3.485579051173837,1.4478127720015221
2026-01-23,33,38,33,89503.875,4976.2001953125,188.86000061035156,-0.3567495681052968,6.5391240217841595,1.021917118259008
2026-01-24,19,25,29,89110.734375,,,-5.105051001326122,,
2026-01-25,15,20,24,86572.21875,,,-2.822571184246103,,
2026-01-26,15,27,33,88267.140625,5079.7001953125,189.91000366210935,-10.928215606848312,,
2026-01-27,28,28,39,89102.5703125,5079.89990234375,191.2899932861328,-13.611419914671718,,
2026-01-28,26,25,38,89184.5703125,5301.60009765625,190.7899932861328,-11.768632904462084,-12.809342182494465,-0.06813230703799356
2026-01-29,28,32,40,84561.5859375,5318.39990234375,190.8000030517578,-10.558031715605198,-7.797452516658199,-0.7127885684481083
2026-01-30,21,32,39,84128.65625,4713.89990234375,189.6300048828125,-13.204719557136634,4.380661538810537,-0.3427775871625127
2026-01-31,16,12,28,78621.1171875,,,-20.247765614021283,,
2026-02-01,10,12,15,76974.4453125,,,-8.339202265686996,,
2026-02-02,18,19,33,78688.765625,4622.5,190.66000366210935,-11.954434410407622,,
2026-02-03,12,23,31,75633.546875,4903.7001953125,189.44000244140625,-7.098464285131412,,
2026-02-04,15,24,38,73019.703125,4920.39990234375,188.97999572753903,-3.970054315391325,2.6522234491110908,1.5133880172560676
2026-02-05,13,30,33,62702.09765625,4861.39990234375,186.4600067138672,9.71556536217857,2.929195400590201,2.7566229778893003
2026-02-06,17,17,30,70555.390625,4951.2001953125,190.2400054931641,-5.050530999026693,2.431731652816982,0.8357844259774927
2026-02-07,13,9,21,69281.96875,,,-4.416914032917118,,
2026-02-08,5,10,12,70264.7265625,,,-2.0022604247219133,,
2026-02-09,14,18,24,70120.78125,5050.89990234375,191.83999633789065,-0.5036399248617873,,
2026-02-10,19,16,33,68793.9609375,5003.7998046875,191.6000061035156,-0.008392360930120635,,
2026-02-11,22,22,24,66991.96875,5071.60009765625,191.8300018310547,2.7632976527503628,,
2026-02-12,17,23,29,66221.84375,4923.7001953125,189.02000427246097,1.9213826253516197,-0.8286510419052928,0.23278088639338002
2026-02-13,24,27,36,68857.84375,5022.0,189.3999938964844,-3.532674427523008,-0.7068896853843043,0.5332681088558777
2026-02-14,10,17,16,69767.625,,,-4.027801666603958,,
2026-02-15,11,14,17,68788.1875,,,-1.1379361100334218,,
2026-02-16,15,21,21,68843.15625,,,-1.2192796941961848,,
2026-02-17,13,22,28,67494.21875,4882.89990234375,189.4600067138672,0.24472003389179875,,
2026-02-18,11,27,33,66425.3203125,4986.5,190.41000366210935,-2.722729860754103,4.375818616514593,-0.4779179899204178
2026-02-19,11,27,25,66957.5234375,4975.89990234375,189.88999938964844,-4.297471472994252,3.6154244634023502,0.4634287669919912
2026-02-20,30,29,34,68005.421875,5059.2998046875,191.19000244140625,-0.0666077406052401,2.9075188926333206,0.6171832526352228
2026-02-21,12,12,23,68003.765625,,,-0.8087672534678125,,
2026-02-22,13,18,15,67659.390625,,,-2.627268341585065,,
2026-02-23,19,24,23,64616.73828125,5204.7001953125,189.5,3.6818959870655643,,
2026-02-24,35,28,34,64080.04296875,5155.7998046875,190.77000427246097,2.5874804649531624,,
2026-02-25,23,28,42,67960.125,5206.39990234375,192.3699951171875,1.2003017394391247,1.690227444119019,-1.1384324463241557
2026-02-26,20,23,29,67453.7734375,5176.5,191.67999267578125,-1.3356021710701604,2.014871142422492,
2026-02-27,14,18,27,65881.796875,5230.5,190.83999633789065,,,
2026-02-28,11,30,23,66995.859375,,,,,
2026-03-01,13,40,23,65738.1015625,,,,,
2026-03-02,15,57,23,68775.8515625,5294.39990234375,190.17999267578125,,,
2026-03-03,12,52,32,66552.859375,5280.7998046875,,,,
2026-03-04,20,46,40,,,,,,
2026-03-05,36,55,45,,,,,,
2026-03-06,21,38,31,,,,,,
2026-03-07,12,29,15,,,,,,
2026-03-08,5,10,4,,,,,,
