date,trade_policy_count,geopolitics_count,domestic_politics_count,trade_policy_spike,geopolitics_spike,domestic_politics_spike,msci_world_close,gold_close,bitcoin_close,msci_world_3d_return,gold_3d_return,bitcoin_3d_return
2025-01-01,2,9,12,False,False,False,,,94443.5234375,,,4.037581653254909
2025-01-02,11,10,14,False,False,False,155.25999450683594,2671.10009765625,96876.2421875,0.7471362251389885,-0.9733817172487709,1.4899647657743744
2025-01-03,5,15,15,False,False,False,156.88999938964844,2652.60009765625,98101.703125,-0.2517714793789462,0.4222253924280146,4.206659574749355
2025-01-04,3,9,9,False,False,False,,,98256.7578125,,,-1.3439994784073772
2025-01-05,8,10,15,False,False,False,,2653.60009765625,98319.6640625,,0.9647216073829534,-3.3374316254926435
2025-01-06,15,18,35,False,False,False,157.9149932861328,2645.10009765625,102228.5078125,-2.346190501083329,1.8222354312634008,-9.535859806718237
2025-01-07,14,17,29,False,False,False,156.4199981689453,2663.800048828125,96936.1875,-1.4000782937235963,1.9933873617498057,-2.322057552036488
2025-01-08,20,25,33,False,False,False,156.4949951171875,2679.199951171875,95038.3125,-1.2556288694211497,1.5639051675127116,-0.5083887221798051
2025-01-09,11,31,29,False,False,False,,2693.300048828125,92480.140625,,-0.27104476648642645,2.1748165864664526
2025-01-10,9,15,33,False,False,False,154.2100067138672,2716.89990234375,94685.2734375,1.9000016524334755,-0.920166399153447,-0.11922722605275783
2025-01-11,10,10,22,False,False,False,,,94555.1484375,,,2.10502154868451
2025-01-12,6,14,14,False,False,False,,2721.10009765625,94491.4140625,,0.0918746062356659,6.308046671899175
2025-01-13,12,18,30,False,False,False,154.22999572753906,2686.0,94572.3828125,1.8803146181736012,2.1965748324646315,5.79190129253676
2025-01-14,7,21,23,False,False,False,154.52999877929688,2691.89990234375,96545.5546875,2.517310179497393,1.7794178172327246,7.895099067142122
2025-01-15,10,23,25,False,False,False,157.13999938964844,2723.60009765625,100451.9765625,2.0173082482232307,0.4662928005768445,3.915443736990927
2025-01-16,13,42,39,False,True,False,157.1300048828125,2745.0,100049.921875,2.377012979244241,0.09107468123861566,0.9184165092582688
2025-01-17,15,26,36,False,False,False,158.4199981689453,2739.800048828125,104167.921875,2.158817200147984,0.6788763115607864,-2.002438370617634
2025-01-18,12,18,27,False,False,False,,,104385.1171875,,,1.7325341593011756
2025-01-19,19,27,29,False,False,False,,2736.300048828125,100968.796875,,0.9903831097481818,2.675594548625248
2025-01-20,26,36,49,False,True,True,,2747.5,102082.0234375,,0.5350300699499545,1.9425172726068398
2025-01-21,30,44,65,True,True,True,160.30999755859375,2758.39990234375,106193.625,0.8795481776450123,0.6888051287942741,-1.2746174735065312
2025-01-22,26,29,45,False,False,True,160.86500549316406,2763.39990234375,103670.3125,-0.5221841718181421,0.33293029013632613,0.9899320261043874
2025-01-23,29,38,46,True,True,True,161.83999633789062,2762.199951171875,104064.984375,-0.4572356964406026,-0.6082126249042004,-1.4601002768852815
2025-01-24,25,30,38,False,False,False,161.72000122070312,2777.39990234375,104840.0625,-0.7358412270738395,-0.27363195012759056,-2.5722961344094966
2025-01-25,12,20,21,False,False,False,,,104696.578125,,,-3.218026914382499
2025-01-26,21,24,33,False,False,False,,2772.60009765625,102545.53125,,0.03606722804508756,1.16092485746423
2025-01-27,22,29,34,False,False,False,160.02499389648438,2745.39990234375,102143.265625,0.9717281636493628,4.050418855831105,2.5507601226157686
2025-01-28,13,34,30,False,False,False,161.10000610351562,2769.800048828125,101327.4140625,-0.3041623057724821,2.2275958583356816,1.0495833085644626
2025-01-29,14,28,43,False,False,True,160.52999877929688,2773.60009765625,103736.0078125,-0.7786706593815842,2.1812805692905677,-2.9804546682462973
2025-01-30,15,26,42,False,False,True,161.5800018310547,2856.60009765625,104748.6953125,-0.5941370856468701,-0.24155101338953086,-6.745512119669152
2025-01-31,18,32,43,False,False,True,160.61000061035156,2831.5,102390.9296875,0.6027036396596267,1.430337277061628,-0.9647689893185882
2025-02-01,7,19,21,False,False,False,,,100644.203125,,,-2.739368527341599
2025-02-02,19,21,26,False,False,False,,2834.10009765625,97682.859375,,1.803036299172484,-1.0881195091961342
2025-02-03,30,33,37,True,False,False,159.27999877929688,2849.699951171875,101403.09375,1.7641873305683324,1.1159086701407965,-4.722157762075184
2025-02-04,27,37,40,False,True,True,160.6199951171875,2872.0,97887.1875,0.01245440983007283,0.49095047549616994,-1.4082697237572588
2025-02-05,33,47,47,True,True,True,161.5780029296875,2885.199951171875,96619.953125,0.14358057699673704,0.24954773650784973,-0.1190149485492208
2025-02-06,18,29,46,False,False,True,162.08999633789062,2881.5,96614.6796875,-0.0987128544168966,2.1412441843440915,-0.11331255545648107
2025-02-07,25,38,50,False,True,True,160.63999938964844,2886.10009765625,96508.671875,0.7034392972522117,1.4102058069616747,0.9589892747656259
2025-02-08,11,14,20,False,False,False,,,96504.9609375,,,-0.7919039136184305
2025-02-09,9,18,21,False,False,False,,2892.39990234375,96505.203125,,1.2826752492346338,1.4107399973414645
2025-02-10,28,30,35,True,False,False,161.80999755859375,2943.199951171875,97434.1796875,1.0877014969286276,0.506256684274621,-0.8202011373864168
2025-02-11,30,36,46,True,True,True,161.92999267578125,2926.800048828125,95740.734375,1.043662396002203,-1.1309312937008833,1.8628271306280129
2025-02-12,24,35,50,False,False,True,161.77000427246094,2929.5,97866.640625,1.4650399051704532,-1.2664310515873016,-0.29343183046444743
2025-02-13,20,40,35,False,True,False,163.57000732421875,2958.10009765625,96635.0234375,0.2873301588734934,-2.177078001363114,-0.44852235978431415
2025-02-14,20,42,36,False,True,False,163.6199951171875,2893.699951171875,97524.21875,0.061120954956635276,2.0596502284942666,-1.8034142160200592
2025-02-15,12,19,19,False,False,False,,,97579.46875,,,-2.1061439346071453
2025-02-16,15,28,29,False,False,False,,2892.39990234375,96201.59375,,2.026002614948423,0.4516638400286378
2025-02-17,13,34,25,False,False,False,,2893.699951171875,95765.453125,,2.2151604775156835,2.685353163466275
2025-02-18,16,28,34,False,False,False,164.13999938964844,2953.300048828125,95524.3046875,-1.772879050158505,-0.12528192566627788,0.6392270422669755
2025-02-19,15,31,43,False,False,True,164.0399932861328,2951.0,96636.1015625,-2.060466814411389,-0.033886818027787195,-0.05778766847696429
2025-02-20,18,37,48,False,True,True,163.72000122070312,2957.800048828125,98337.09375,-2.0095336674758335,0.2772314232371389,-2.0945968062026443
2025-02-21,24,37,42,False,True,True,161.22999572753906,2949.60009765625,96134.921875,-0.42175320585529424,-0.6102522173871227,-4.932163211372038
2025-02-22,13,26,25,False,False,False,,,96580.2578125,,,-8.157302463713592
2025-02-23,9,28,25,False,False,False,,2950.0,96277.328125,,-0.5457660222457628,-12.758658296532364
2025-02-24,11,37,38,False,True,False,160.66000366210938,2966.0,91393.390625,-1.605876865583045,-2.690493891710216,-7.253789721186417
2025-02-25,12,32,42,False,False,True,160.42999267578125,2931.60009765625,88701.9140625,-0.23062714833830134,-2.19334311250472,-4.879148869832202
2025-02-26,25,35,44,False,False,True,160.5500030517578,2933.89990234375,83993.6328125,-1.43257739522829,-1.7519310151886611,2.436047747294833
2025-02-27,25,31,41,False,False,True,158.0800018310547,2886.199951171875,84763.90625,-0.7021764913299133,0.5301104943166799,11.187793669549059
2025-02-28,29,40,38,True,True,False,160.05999755859375,2867.300048828125,84374.015625,-0.5747833206160867,2.0297823799661816,1.946569006268036
2025-03-01,11,33,22,False,False,False,,,86039.7578125,,,1.4148164969882655
2025-03-02,20,44,25,False,True,False,,2882.5,94247.1171875,,1.5542081119904596,-3.8804071510476406
2025-03-03,20,44,38,False,True,False,158.25,2901.5,86016.4140625,-1.118486112139613,0.5376563038514561,4.605870554684285
2025-03-04,29,46,48,True,True,True,156.97000122070312,2925.5,87257.0625,0.3886096742102262,-0.27345752862758504,-0.5864586176047354
2025-03-05,33,51,55,True,True,True,159.13999938964844,2927.300048828125,90589.9453125,-3.5628994537460885,-0.1024835155248598,-4.910166544593586
2025-03-06,27,37,46,False,True,True,156.47999572753906,2917.10009765625,89978.21875,-2.620137370060652,-0.9598573604826471,-10.370817173461772
2025-03-07,25,37,32,False,True,False,157.5800018310547,2917.5,86745.3359375,-2.7858861141244695,0.1645260952227935,-9.311460639589503
2025-03-08,16,28,28,False,False,False,,,86141.828125,,,-3.8400334332351966
2025-03-09,12,22,24,False,False,False,,2924.300048828125,80646.7421875,,0.7146976026665035,3.84406995671613
2025-03-10,30,36,41,True,True,True,153.47000122070312,2889.10009765625,78668.078125,-1.4139559208217296,3.79356373303011,3.060256929976958
2025-03-11,27,35,39,False,False,False,152.3800048828125,2922.300048828125,82833.953125,1.3715686250948291,2.44327759472824,1.3832454347204017
2025-03-12,47,48,47,True,True,True,153.19000244140625,2945.199951171875,83746.859375,1.6972327196881107,1.792749209000775,0.7027595624388153
2025-03-13,30,31,39,True,False,False,151.3000030517578,2998.699951171875,81075.5234375,2.1877048855454695,0.34014577443431504,1.8839301742867642
2025-03-14,28,41,42,True,True,True,154.47000122070312,2993.699951171875,83979.75,0.9969529837269219,1.4864549128439077,0.1364633289572784
2025-03-15,23,26,23,False,False,False,,,84335.3984375,,,-1.9189469576044536
2025-03-16,12,19,27,False,False,False,,2998.0,82602.9296875,,2.054706392803536,5.083988489739364
2025-03-17,17,24,36,False,False,False,155.7899932861328,3008.89990234375,84094.3515625,-0.3273602470084535,1.495563211157265,0.18732679076896236
2025-03-18,22,44,50,False,True,True,154.61000061035156,3038.199951171875,82717.046875,0.446285776264367,-0.32914226057250984,1.59006862816027
2025-03-19,18,30,44,False,False,True,156.00999450683594,3059.60009765625,86802.453125,0.8332819034237258,-0.9543794738033989,-3.446277169946054
2025-03-20,30,43,55,True,True,True,155.27999877929688,3053.89990234375,84251.8828125,1.6164313025294725,-1.29342811693616,2.009135367060139
2025-03-21,19,25,31,False,False,False,155.3000030517578,3028.199951171875,84032.3046875,0.32839310805806515,-0.09576323857438061,4.07147176936697
2025-03-22,9,17,22,False,False,False,,,83811.0,,,4.393395183806422
2025-03-23,16,17,24,False,False,False,,3030.39990234375,85944.6171875,,-0.1781910809716449,1.1214889385070017
2025-03-24,24,27,34,False,False,False,157.30999755859375,3014.39990234375,87453.65625,-1.1505928336942313,1.817942230741083,-0.30785948414821135
2025-03-25,19,41,63,False,True,True,157.7899932861328,3025.300048828125,87493.1484375,-3.105389508191965,3.0575479624188233,-3.5965941261650576
2025-03-26,25,43,52,False,True,True,155.80999755859375,3025.0,86908.4765625,-1.716836591793061,3.2561983471074383,-4.940281555174108
2025-03-27,36,34,48,True,False,True,155.5,3069.199951171875,87184.421875,-1.2604544783711817,2.818324038059911,-5.586451708062095
2025-03-28,26,27,31,False,False,False,152.88999938964844,3117.800048828125,84346.375,1.1315296843779001,0.9269325130266929,-2.143366045665863
2025-03-29,16,24,31,False,False,False,,,82614.953125,,,3.1179661218260843
2025-03-30,14,20,32,False,False,False,,3123.5,82313.90625,,2.074597369237234,0.34751684196739235
2025-03-31,22,26,33,False,False,False,153.13499450683594,3155.699951171875,82538.5234375,-3.176929120637953,-0.6781348884517081,0.68647869067957
2025-04-01,33,27,43,True,False,True,153.5399932861328,3146.699951171875,85190.859375,-9.313526389388135,-2.879202177566512,-1.5814856897609504
2025-04-02,48,36,64,True,True,True,154.6199951171875,3188.300048828125,82599.9609375,-10.723064516001696,-5.419817651467229,1.0457310484124585
2025-04-03,51,42,41,True,True,True,148.27000427246094,3134.300048828125,83105.1328125,-7.958456000361427,-4.434801960073042,-6.036414530277303
2025-04-04,56,48,51,True,True,True,139.24000549316406,3056.10009765625,83843.578125,6.614472200326283,-2.1039902743184777,-5.6176969427257495
2025-04-05,27,26,32,False,False,False,,,83463.734375,,,-8.629327969726372
2025-04-06,30,34,32,True,False,False,,3015.5,78088.5625,,2.841981468143757,5.68438119538953
2025-04-07,44,30,39,True,False,False,138.0399932861328,2995.300048828125,79133.5,4.411773321414293,7.137850811032159,0.5391502176701397
2025-04-08,41,37,43,True,True,True,136.47000122070312,2991.800048828125,76261.375,7.7049895915537405,8.794031994841369,9.405902152301868
2025-04-09,53,52,52,True,True,True,148.4499969482422,3101.199951171875,82527.4140625,-0.16166402109032968,4.498258809377513,3.3252018813066755
2025-04-10,49,45,39,True,True,False,144.1300048828125,3209.10009765625,79560.1484375,3.0597295871223573,0.6138777405623077,5.206379332303518
2025-04-11,47,45,45,True,True,True,146.98500061035156,3254.89990234375,83434.4453125,-0.6497274055781652,0.4393391273823195,1.2991112315066964
2025-04-12,29,32,27,True,False,False,,,85271.6171875,,,-1.92736134449778
2025-04-13,35,32,28,True,False,False,,3240.699951171875,83702.3515625,,3.8016463427082927,0.3975769423294092
2025-04-14,33,34,28,True,False,False,148.2100067138672,3228.800048828125,84518.3515625,-1.025574660012966,3.484266547903183,0.44799811875176143
2025-04-15,34,36,48,True,True,True,148.5399932861328,3269.199951171875,83628.125,-3.1641289623519615,2.8325002764990446,0.9729363626172416
2025-04-16,33,31,37,True,False,False,146.02999877929688,3363.89990234375,84035.1328125,0.8765313908078621,2.4198147640380316,1.262195303917251
2025-04-17,32,23,38,True,False,False,146.69000244140625,3341.300048828125,84896.9921875,1.7792627765440927,0.14664658283138968,0.26958220969069596
2025-04-18,15,23,29,False,False,False,,,84441.7734375,,,3.6443566373907608
2025-04-19,13,16,25,False,False,False,,,85095.8203125,,,9.850164313850241
2025-04-20,17,16,28,False,False,False,,3361.800048828125,85125.859375,,-1.0232656905447544,10.029772092976302
2025-04-21,22,26,33,False,False,False,143.83999633789062,3445.300048828125,87519.1328125,5.700776666442481,-2.4700344367741125,7.2997074121917445
2025-04-22,26,38,40,False,True,True,147.30999755859375,3346.199951171875,93477.8984375,3.869389072506751,-0.47815433128545204,1.346733782576112
2025-04-23,30,34,32,True,False,False,149.3000030517578,3327.39990234375,93663.7890625,2.7327540171853,-0.41173142916260363,1.0696336172471934
2025-04-24,29,29,42,True,False,True,152.0399932861328,3360.199951171875,93907.7734375,1.3877931488596102,-0.36307217871425324,-0.09650425804240281
2025-04-25,28,36,25,True,True,False,153.00999450683594,3330.199951171875,94736.796875,0.7515908741647979,-0.10209303926491252,0.28953572851098147
2025-04-26,12,19,26,False,False,False,,,94665.6484375,,,-0.3995228931957317
2025-04-27,16,14,23,False,False,False,,3313.699951171875,93817.1484375,,-0.9717219919228847,0.40919857818504163
2025-04-28,22,33,34,False,False,False,153.3800048828125,3348.0,95011.09375,0.8410439725298032,-3.0406227248543907,1.5557722700145213
2025-04-29,42,34,37,True,False,False,154.14999389648438,3326.800048828125,94287.4375,2.0045486338161704,-2.386682256793399,2.7661426263705597
2025-04-30,38,35,51,True,False,True,154.16000366210938,3281.5,94201.046875,1.6151986087342114,-0.8014642336774341,1.7837182342884659
2025-05-01,29,32,43,True,False,True,154.6699981689453,3246.199951171875,96489.25,0.6982620054569385,2.975790127203269,-2.308628292789093
2025-05-02,26,24,40,False,False,True,157.24000549316406,3247.39990234375,96895.5625,-0.8140414236709769,4.9824491498983186,-2.2132479622067316
2025-05-03,13,20,23,False,False,False,,,95881.328125,,,0.9973429067996652
2025-05-04,15,22,26,False,False,False,,3255.199951171875,94261.671875,,3.9291026174392396,2.945905074421321
2025-05-05,22,25,27,False,False,False,156.64999389648438,3342.800048828125,94751.0234375,-0.04787548749714354,-0.6521493511335616,8.890463007037111
2025-05-06,44,38,53,True,True,True,155.75,3409.199951171875,96837.59375,0.6227937211577047,-2.349520552119319,6.336075574988148
2025-05-07,32,38,34,True,True,False,155.9600067138672,3383.10009765625,97038.53125,3.0007646026634394,-2.6661994238653786,7.977283830231096
2025-05-08,36,30,33,True,False,False,156.5749969482422,3321.0,103174.828125,3.1837781941643057,-2.399878084067299,0.8843075671467227
2025-05-09,36,30,32,True,False,False,156.72000122070312,3329.10009765625,102973.296875,3.0946950393941974,-2.1267023144774044,-0.11470661917660388
2025-05-10,8,17,23,False,False,False,,,104779.5703125,,,-0.5425079510296354
2025-05-11,13,16,15,False,False,False,,3292.89990234375,104087.2109375,,-3.1583103976521456,-0.5233216766919387
2025-05-12,25,35,28,False,False,False,160.63999938964844,3241.300048828125,102855.1796875,1.2076708470974151,-0.003088194697870991,0.8637447843649707
2025-05-13,26,30,35,False,False,False,161.55999755859375,3258.300048828125,104211.1328125,1.1946075536862688,-1.6266150816608156,-0.7011831824290007
2025-05-14,22,28,27,False,False,False,161.57000732421875,3188.89990234375,103542.5,1.4854204293426587,1.5522594473291218,-0.33137811768114545
2025-05-15,15,28,36,False,False,False,162.5800018310547,3241.199951171875,103743.5859375,0.7442437209070092,-0.505982432148949,2.6359686845097876
2025-05-16,16,31,29,False,False,False,163.49000549316406,3205.300048828125,103480.421875,-1.1438071522083058,2.7641672282137075,2.058903956319032
2025-05-17,16,19,23,False,False,False,,,103199.3828125,,,3.4570292140040504
2025-05-18,11,28,23,False,False,False,,3238.39990234375,106478.234375,,2.5722594904921308,2.9525253620641663
2025-05-19,20,25,32,False,False,False,163.97000122070312,3224.800048828125,105610.984375,-1.475878606409231,2.331926011946144,5.746021328569782
2025-05-20,24,33,36,False,False,False,163.7899932861328,3293.89990234375,106767.015625,-1.7827695760657514,1.936915228745371,0.4517137124951834
2025-05-21,22,24,37,False,False,False,161.6199951171875,3321.699951171875,109622.03125,1.3859705239688185,0.5960817990541158,-1.6288283177566099
2025-05-22,24,27,38,False,False,False,161.5500030517578,3300.0,111679.4140625,0.7551848948664258,1.3848470052083335,-2.3621114147533766
2025-05-23,25,32,32,False,False,False,160.8699951171875,3357.699951171875,107249.296875,1.5913455810879413,-1.471242310573608,2.039494722794657
2025-05-24,13,14,20,False,False,False,,,107836.4765625,,,1.0793179400899902
2025-05-25,4,13,17,False,False,False,,3341.5,109041.421875,,-2.576690039091725,-1.1635414924746919
2025-05-26,12,16,18,False,False,False,,3345.699951171875,109436.640625,,-0.20025558985133307,-3.490125921891163
2025-05-27,12,19,31,False,False,False,163.86000061035156,3308.300048828125,109000.375,-0.29903911347422957,0.14509109685577903,-4.588150786178488
2025-05-28,8,18,21,False,False,False,162.77000427246094,3255.39990234375,107772.6796875,1.0997070953789128,2.3929516747939386,-2.893380257911201
2025-05-29,24,22,33,False,False,False,163.42999267578125,3339.0,105617.1640625,0.89946844923341,2.21024404995882,0.049345376731720555
2025-05-30,20,25,33,False,False,False,163.3699951171875,3313.10009765625,103999.2734375,1.0650704200094596,2.155078332654653,1.8139850285913206
2025-05-31,19,17,20,False,False,False,,,104654.40625,,,0.7563211773512881
2025-06-01,13,15,25,False,False,False,,3333.300048828125,105669.28125,,2.049021925048031,-0.8949946132050558
2025-06-02,14,24,25,False,False,False,164.55999755859375,3412.800048828125,105885.8046875,-0.00607347288783158,-0.8262995419716488,-3.975833930170792
2025-06-03,20,31,36,False,False,False,164.89999389648438,3384.5,105445.9296875,0.5518518470538136,-1.5807357068990988,-0.9958969640764495
2025-06-04,20,28,37,False,False,False,165.11000061035156,3401.60009765625,104723.546875,0.47241159009963263,-1.8579548888197004,0.8621658184264015
2025-06-05,24,30,41,False,False,True,164.5500030517578,3384.60009765625,101675.9609375,1.2822853668911083,-1.1227323436619303,3.9968502879437073
2025-06-06,21,26,42,False,False,True,165.80999755859375,3331.0,104395.796875,0.27743002270091155,0.5253677574302011,5.651643362677286
2025-06-07,6,15,23,False,False,False,,,105626.4375,,,4.398364696811818
2025-06-08,13,13,21,False,False,False,,3338.39990234375,105739.796875,,1.4198462697982153,2.7835649627542374
2025-06-09,28,42,46,True,True,True,165.88999938964844,3346.60009765625,110295.875,0.6630936810915833,2.0856930212959544,-3.951048713290502
2025-06-10,24,36,40,False,True,True,166.66000366210938,3348.5,110272.2734375,-0.9300390121797472,3.108857627482455,-3.7945494429944744
2025-06-11,28,43,42,True,True,True,166.27000427246094,3385.800048828125,108683.1328125,-0.661578201268993,2.3096446938424835,-2.952318167470933
2025-06-12,23,28,32,False,False,False,166.99000549316406,3416.39990234375,105938.03125,-1.9821622303727102,0.17562346831481362,-0.3635748729283658
2025-06-13,17,41,36,False,True,False,165.11000061035156,3452.60009765625,106087.9375,-0.8479158690019424,-1.3612929001509704,0.6911129740834108
2025-06-14,11,25,20,False,False,False,,,105474.4609375,,,-0.808941382507362
2025-06-15,22,31,25,False,False,False,,3464.0,105552.8671875,,-2.0814115951573324,-0.7074727881844162
2025-06-16,32,39,27,True,True,False,165.1699981689453,3422.39990234375,106821.125,-1.3016854878724635,-1.0869551260330357,-2.0060697263766882
2025-06-17,37,42,42,True,True,True,163.67999267578125,3405.60009765625,104621.234375,0.482654313460736,-0.622509828064959,-1.2595584757456173
2025-06-18,30,42,40,True,True,True,163.7100067138672,3391.89990234375,104806.109375,1.6370365682443277,-0.10318700730471304,-2.4079732947342793
2025-06-19,19,33,28,False,False,False,,3385.199951171875,104678.21875,,-0.7828193424978142,-3.559255850444054
2025-06-20,10,23,19,False,False,False,163.02000427246094,3384.39990234375,103303.46875,1.926143606523558,-1.3709934902083332,2.2218896328202917
2025-06-21,10,19,19,False,False,False,,,102282.40625,,,3.6823292862256065
2025-06-22,7,30,18,False,False,False,,3388.39990234375,100952.453125,,-1.0506390786695705,6.358686491799899
2025-06-23,17,42,26,False,True,False,164.47000122070312,3358.699951171875,105598.7578125,1.884845917496961,-0.8009022161793413,1.2834845580347958
2025-06-24,21,42,40,False,True,True,166.38999938964844,3338.0,106048.78125,1.3522447312058699,-1.5548203218618935,0.982109942918368
2025-06-25,18,28,35,False,False,False,166.16000366210938,3352.800048828125,107371.703125,1.9258527188946526,-2.335362911232733,-0.036955442025359046
2025-06-26,17,36,36,False,True,False,167.57000732421875,3331.800048828125,106954.1015625,0.8951482571088999,-0.22210656029547188,1.3415801535778527
2025-06-27,19,33,31,False,False,False,168.63999938964844,3286.10009765625,107090.296875,0.6819223794156184,1.9019505840548487,0.01906977158148811
2025-06-28,7,19,16,False,False,False,,,107332.0234375,,,-1.5319577488050187
2025-06-29,4,14,16,False,False,False,,3274.5,108388.9765625,,2.6202488571728506,0.4342072666666618
2025-06-30,16,20,25,False,False,False,169.36000061035156,3324.39990234375,107110.71875,0.9211133402053144,0.592594028733158,2.366607800398128
2025-07-01,18,20,33,False,False,False,169.07000732421875,3348.60009765625,105687.7421875,0.23658477503778821,-0.06271568998997219,2.242979780279924
2025-07-02,18,26,30,False,False,False,169.7899932861328,3360.300048828125,108859.609375,-0.07067266737285413,-0.6695830632102832,-0.573021588155042
2025-07-03,22,24,31,False,False,False,170.9199981689453,3344.10009765625,109645.609375,-0.4212504261739121,0.008965182821833638,-0.37332633730916326
2025-07-04,16,25,23,False,False,False,,3346.5,108058.296875,,-1.0787418991857165,0.22090940205742532
2025-07-05,9,14,20,False,False,False,,,108235.8203125,,,0.6738613639127816
2025-07-06,7,10,17,False,False,False,,3337.800048828125,109236.2734375,,-0.3715065702850772,1.9096864501639685
2025-07-07,26,26,33,False,False,False,169.47000122070312,3344.39990234375,108297.0078125,0.8733083831230068,-0.31993635582803637,7.103619913321417
2025-07-08,30,34,44,True,False,True,169.6699981689453,3310.39990234375,108965.1796875,0.24753826455936437,1.6191426787531424,7.878742514004079
2025-07-09,19,19,23,False,False,False,170.1999969482422,3325.39990234375,111322.34375,-0.04112342343400399,0.8660627194890653,5.4764177227449
2025-07-10,19,28,33,False,False,False,170.9499969482422,3333.699951171875,115990.015625,-0.9008442899236024,0.11998680320926616,2.679029081301583
2025-07-11,21,26,22,False,False,False,170.08999633789062,3364.0,117550.265625,-0.017637003905439107,-0.356718192627824,1.9536722122996053
2025-07-12,12,11,14,False,False,False,,,117418.8203125,,,0.2934474210207331
2025-07-13,12,15,16,False,False,False,,,119097.421875,,,-0.33318967468203226
2025-07-14,21,17,26,False,False,False,170.1300048828125,3354.199951171875,119846.8125,0.42320648917812587,-0.25639060404316155,-0.4513900296680815
2025-07-15,26,28,28,False,False,False,169.41000366210938,3337.699951171875,117763.3828125,0.7850786862075718,0.6171944140460335,0.20505896589645828
2025-07-16,20,27,28,False,False,False,170.05999755859375,3352.0,118700.6015625,0.6409481086315254,0.09546393710844273,-0.6450314825042022
2025-07-17,21,21,35,False,False,False,170.85000610351562,3345.60009765625,119305.8359375,0.3921557770032329,1.951811417426894,-1.7020398009396414
2025-07-18,15,22,37,False,False,False,170.74000549316406,3358.300048828125,118004.8671875,1.657491940966344,2.414907909849351,-0.4646127215488927
2025-07-19,8,10,16,False,False,False,,,117934.9453125,,,1.7135506313630402
2025-07-20,9,7,17,False,False,False,,3355.199951171875,117275.203125,,1.2488122047611643,1.2108671203804406
2025-07-21,14,12,24,False,False,False,171.14999389648438,3410.89990234375,117456.6015625,1.2562133987418163,-1.1463207550816166,0.7589771355045032
2025-07-22,20,24,36,False,False,False,171.52000427246094,3439.39990234375,119955.8203125,1.3001374020471081,-2.933648462192274,-1.9497282365350004
2025-07-23,19,19,32,False,False,False,173.57000732421875,3397.10009765625,118695.25,-0.3456853593344893,-2.5492359708799195,-0.6309882872313761
2025-07-24,24,22,38,False,False,False,173.3000030517578,3371.800048828125,118348.0703125,-0.3923877222132658,-1.3494275858918028,0.9353566640985446
2025-07-25,21,21,36,False,False,False,173.75,3338.5,117617.0078125,-0.909353571830036,-0.0808731817245769,0.1906279896674701
2025-07-26,13,13,14,False,False,False,,,117946.296875,,,-0.030992653833583954
2025-07-27,15,18,10,False,False,False,,,119455.046875,,,-1.3630454343246015
2025-07-28,34,26,29,True,False,False,172.97000122070312,3310.5,117841.21875,-1.0175143056108624,0.894127704463072,-1.7686670013330967
2025-07-29,40,31,35,True,False,False,172.6199951171875,3326.300048828125,117909.7421875,-2.149224632151972,2.6966885084067154,-3.8815574439320546
2025-07-30,23,26,29,False,False,False,172.1699981689453,3335.800048828125,117826.8203125,-0.441420987929719,2.368247462186857,-4.509458498844272
2025-07-31,30,33,36,True,False,False,171.2100067138672,3340.10009765625,115757.0,-0.19859329673874035,2.7364420128572005,-1.3293000099346044
2025-08-01,28,31,43,True,False,True,168.91000366210938,3416.0,113333.0078125,1.9300186111873452,0.6469583623024004,1.5563578709727452
2025-08-02,14,15,21,False,False,False,,,112513.46875,,,1.4406747414406775
2025-08-03,6,8,12,False,False,False,,3414.800048828125,114218.2421875,,0.6266809780295604,0.6928826974948932
2025-08-04,14,17,25,False,False,False,171.41000366210938,3431.5,115096.875,0.6067284662001939,1.8912983343654377,2.086686486926774
2025-08-05,16,20,33,False,False,False,170.8699951171875,3438.10009765625,114134.421875,1.5860050279796565,1.5473648137278309,2.2268082194200014
2025-08-06,25,22,40,False,False,True,172.1699981689453,3436.199951171875,115009.640625,0.5633973578551656,0.5587553531431454,1.305094396298571
2025-08-07,29,27,40,True,False,True,172.4499969482422,3496.39990234375,117498.5859375,1.519286994689198,-2.785719742139899,1.544253956779666
2025-08-08,21,19,23,False,False,False,173.5800018310547,3491.300048828125,116675.9765625,1.2040536443390621,-2.5749762331241195,1.7585962727304685
2025-08-09,10,17,22,False,False,False,,,116510.625,,,3.1168764114860767
2025-08-10,5,16,17,False,False,False,,3455.39990234375,119313.0625,,-1.2588991500084998,3.393501549756968
2025-08-11,19,22,21,False,False,False,173.13999938964844,3399.0,118727.8359375,1.472798348589038,-0.526622604994116,-0.29820697455176337
2025-08-12,21,31,32,False,False,False,175.07000732421875,3401.39990234375,120142.1171875,0.3113029908863886,-0.5527078622700586,-2.2688364320614824
2025-08-13,17,32,32,False,False,False,175.6699981689453,3411.89990234375,123361.953125,-0.05123034031347444,-1.175293961234884,-4.7486088004493885
2025-08-14,18,28,27,False,False,False,175.69000244140625,3381.10009765625,118373.78125,-0.46103793462231263,-0.14788086290216482,-0.7762619520105936
2025-08-15,18,29,27,False,False,False,175.61500549316406,3382.60009765625,117416.2890625,-0.5438042315193058,-0.7627283179587633,-0.9865073421656453
2025-08-16,8,18,17,False,False,False,,,117503.9765625,,,-3.9691608841163553
2025-08-17,10,21,10,False,False,False,,3371.800048828125,117454.890625,,0.5219720404755869,-2.721610011715934
2025-08-18,13,28,20,False,False,False,175.5800018310547,3376.10009765625,116257.96875,-0.9340468006296445,0.1925298365564581,-3.301877156270202
2025-08-19,17,32,28,False,False,False,174.8800048828125,3356.800048828125,112840.0546875,1.0092631177767681,1.838058575857527,3.569183621147383
2025-08-20,15,23,20,False,False,False,174.66000366210938,3389.39990234375,114258.2265625,0.44658122234202574,0.7523455695613521,0.9807827704966265
2025-08-21,16,21,27,False,False,False,173.94000244140625,3382.60009765625,112419.2734375,1.1728143368400885,0.5084831394580924,0.8902360283945417
2025-08-22,17,18,29,False,False,False,176.64500427246094,3418.5,116867.5234375,-0.2773956134124619,0.6494062065781776,-5.6820145513319265
2025-08-23,10,15,17,False,False,False,,,115378.8515625,,,-3.0956848474654795
2025-08-24,12,11,14,False,False,False,,3414.89990234375,113420.0703125,,1.0571348703800485,-1.9508782651108443
2025-08-25,11,19,28,False,False,False,175.44000244140625,3399.800048828125,110227.09375,0.7979901259702429,2.220718833921543,2.120423546048541
2025-08-26,17,20,29,False,False,False,175.97999572753906,3440.699951171875,111807.0859375,-0.07955414993030883,2.1914188262389547,-3.008048111888034
2025-08-27,25,29,34,False,False,False,176.15499877929688,3451.0,111207.3828125,-0.8997709210988372,1.7705041337655751,-2.1551022530049257
2025-08-28,15,23,21,False,False,False,176.83999633789062,3475.300048828125,112564.375,-0.8991157944001521,1.9652993372804128,-3.834465555820836
2025-08-29,16,30,37,False,False,False,175.83999633789062,3516.10009765625,108443.875,0.4379005280353354,2.2581809430475577,0.6989790801924036
2025-08-30,11,12,18,False,False,False,,,108810.75,,,2.1903138017153636
2025-08-31,10,13,16,False,False,False,,3512.10009765625,108248.1328125,,2.89000874626935,3.1990520044333906
2025-09-01,10,15,15,False,False,False,,3543.60009765625,109201.875,,1.8625126476221918,1.4014683241473647
2025-09-02,15,18,31,False,False,False,174.57000732421875,3595.5,111194.046875,1.0482823483342685,1.6075663698546794,-0.4899093209660645
2025-09-03,17,33,38,False,False,False,175.25,3613.60009765625,111711.046875,1.152641524942047,0.47597826840415297,-1.3295881799961873
2025-09-04,26,26,38,False,False,False,176.61000061035156,3609.60009765625,110732.3046875,0.46996309845776585,1.8062929246430925,0.37401574108729985
2025-09-05,23,26,31,False,False,False,176.39999389648438,3653.300048828125,110649.296875,0.8106621224768717,0.48723205294442623,1.2822960493846336
2025-09-06,11,17,16,False,False,False,,,110225.75,,,1.1919713633157407
2025-09-07,16,27,22,False,False,False,,3630.800048828125,111146.4609375,,1.443205399335129,2.5014080871755153
2025-09-08,26,31,29,False,False,False,177.27000427246094,3674.800048828125,112068.1484375,1.1902750377940579,-0.15239190110590758,3.076985174269311
2025-09-09,16,20,33,False,False,False,177.44000244140625,3671.10009765625,111539.609375,0.946794777201388,0.41676348452791834,4.113238920871019
2025-09-10,23,32,28,False,False,False,177.8300018310547,3683.199951171875,113926.6875,1.360849206560996,-0.21720243554669516,1.779790402490198
2025-09-11,17,26,35,False,False,False,179.3800048828125,3669.199951171875,115516.46875,0.2898812573963188,1.2782117929930734,-0.10058089660916855
2025-09-12,22,32,40,False,False,True,179.1199951171875,3686.39990234375,116127.5,0.26798291615298586,1.2288425029342043,-0.5897612537943209
2025-09-13,14,18,19,False,False,False,,,115954.34375,,,0.7530172840118377
2025-09-14,6,9,19,False,False,False,,3675.199951171875,115400.28125,,0.7564227578763618,0.9240797452562535
2025-09-15,11,29,34,False,False,False,180.25,3716.10009765625,115442.625,0.08876763501212015,-1.165201358688761,1.4658187887706122
2025-09-16,22,30,46,False,False,True,179.89999389648438,3731.699951171875,116827.5,0.5781037132887857,-0.32960980220991204,-0.9799303460229826
2025-09-17,32,34,47,True,False,True,179.60000610351562,3703.0,116466.671875,1.1581216601222097,2.1388050546009993,-0.6376488874835036
2025-09-18,21,21,40,False,False,True,180.41000366210935,3672.800048828125,117134.8046875,0.2771464940139639,3.357113025182685,-1.5657240539162443
2025-09-19,21,28,35,False,False,False,180.94000244140625,3719.39990234375,115682.671875,-0.44766085313613907,1.4814243991760367,-2.548526133789214
2025-09-20,10,15,22,False,False,False,,,115724.0234375,,,-3.2146928221945057
2025-09-21,14,17,20,False,False,False,,,115300.796875,,,-1.6929902506365484
2025-09-22,18,26,32,False,False,False,181.67999267578125,3782.199951171875,112734.46875,-1.348523253528721,-0.19036410726101805,-3.267634150269591
2025-09-23,25,36,52,False,True,True,180.91000366210935,3796.10009765625,112003.8515625,-0.342717574167178,-0.1738652165764798,-2.041838265467015
2025-09-24,20,42,41,False,True,True,180.1300048828125,3774.5,113348.765625,0.43301990681912866,0.5669599243277255,-3.251675794330028
2025-09-25,25,26,36,False,False,False,179.22999572753906,3775.0,109050.71875,1.2776926851033685,2.280797288907285,2.8109196896054387
2025-09-26,28,26,32,True,False,False,180.2899932861328,3789.5,109716.9140625,1.170337061914952,2.6679007166182873,4.249693725293752
2025-09-27,10,19,23,False,False,False,,,109663.03125,,,3.9944309514059686
2025-09-28,15,17,28,False,False,False,,3795.89990234375,112116.046875,,2.4500119179269677,5.725861332015502
2025-09-29,12,21,22,False,False,False,180.91000366210935,3861.10009765625,114379.546875,0.9673318028717327,0.6656121447738504,5.48543766907627
2025-09-30,15,26,28,False,False,False,181.5200042724609,3890.60009765625,114043.4453125,0.820840788510883,0.5526139788294328,7.196709094074002
2025-10-01,15,27,37,False,False,False,182.3999938964844,3888.89990234375,118535.65625,0.6633808960289167,2.6614210342010334,3.273981905760951
2025-10-02,11,25,34,False,False,False,182.66000366210935,3886.800048828125,120653.765625,-0.0054799985898716826,3.329214282138445,2.3654915971463284
2025-10-03,18,20,28,False,False,False,183.00999450683597,3912.10009765625,122250.8203125,0.29507052135432726,3.0162827395621634,2.0698225120549743
2025-10-04,15,21,30,False,False,False,,,122416.4921875,,,-0.7800023881075562
2025-10-05,11,22,23,False,False,False,,,123507.8203125,,,-0.12096273508996552
2025-10-06,11,19,28,False,False,False,183.6100006103516,3992.39990234375,124781.1953125,-0.49561770006230205,0.3556806847972252,-2.4613334103013944
2025-10-07,10,25,29,False,False,False,182.6499938964844,4016.199951171875,121461.640625,-2.4363520924967674,-0.39340792341563446,-6.904803406939819
2025-10-08,14,28,27,False,False,False,183.5500030517578,4030.10009765625,123358.421875,-1.6071898116015664,0.5707054277231454,-10.135366467049334
2025-10-09,21,39,33,False,True,False,182.6999969482422,4006.60009765625,121709.9140625,-1.0782710747725097,3.4767583809770914,-5.370120257125213
2025-10-10,13,30,33,False,False,False,178.1999969482422,4000.39990234375,113074.953125,1.896748002635609,4.479557036473039,1.9248225423485006
2025-10-11,8,20,21,False,False,False,,,110855.59375,,,2.035686065683988
2025-10-12,6,18,16,False,False,False,,4053.10009765625,115173.9453125,,4.196789952328398,-3.817554493831172
2025-10-13,15,28,21,False,False,False,180.6000061035156,4145.89990234375,115251.4453125,0.16057213528920022,5.617595885807266,-6.163202264613683
2025-10-14,17,31,30,False,False,False,180.72999572753903,4179.60009765625,113112.265625,0.45924962688870063,0.8062902249941909,-5.891740575769234
2025-10-15,18,30,30,False,False,False,181.5800018310547,4223.2001953125,110777.1171875,0.8976786355190622,0.6345852303484495,-3.255050911278707
2025-10-16,18,35,33,False,False,False,180.88999938964844,4378.7998046875,108148.265625,1.1001191331077764,-0.034255962065090344,0.47629924717065936
2025-10-17,15,41,39,False,True,False,181.55999755859372,4213.2998046875,106447.984375,0.23684068096090138,-2.5300741536693585,3.9053845400724616
2025-10-18,10,10,16,False,False,False,,,107171.265625,,,1.1473384963116133
2025-10-19,15,19,26,False,False,False,,4250.0,108663.375,,-3.4188189338235295,-0.8688170577252916
2025-10-20,17,28,31,False,False,False,183.2100067138672,4377.2998046875,110605.1875,-0.04913028403533949,-5.49425469423997,-0.4823886537871472
2025-10-21,15,31,35,False,False,False,182.8800048828125,4106.7001953125,108400.8828125,0.7600608883071199,0.757289499985851,2.3988359758082574
2025-10-22,17,30,27,False,False,False,181.9900054931641,4104.7001953125,107719.2890625,2.3188093265163445,-0.6456073008910088,3.6533904783911364
2025-10-23,26,45,47,False,True,True,183.1199951171875,4136.7998046875,110071.640625,1.9003992349940082,-3.004733382230707,3.9823921494310874
2025-10-24,20,21,27,False,False,False,184.2700042724609,4137.7998046875,111001.2421875,1.0528042526866166,-3.8377836575757938,2.812461487797258
2025-10-25,13,16,18,False,False,False,,,111654.6953125,,,1.1719096844407504
2025-10-26,7,15,19,False,False,False,,4078.199951171875,114455.125,,-2.8027083075041666,-3.812151814958046
2025-10-27,13,23,23,False,False,False,186.2100067138672,4012.5,114123.109375,-0.8538808546003227,0.8996909073208723,-5.101953359304008
2025-10-28,18,22,32,False,False,False,186.6000061035156,3979.0,112963.1875,-0.8574523318225401,0.43980899723548633,-3.0110334616752916
2025-10-29,23,33,37,False,False,False,186.2100067138672,3963.89990234375,110091.921875,-0.4886975078131536,1.1150684023672137,0.0013199197318490812
2025-10-30,27,29,29,False,False,False,184.6199951171875,4048.60009765625,108300.6015625,-0.8666400644800131,-2.6206613421185203,2.1956970604892616
2025-10-31,14,18,28,False,False,False,185.0,3996.5,109561.828125,-0.572971653293919,-0.34279872818403606,-2.7105200445467648
2025-11-01,9,10,18,False,False,False,,,110093.375,,,-7.6897508592138255
2025-11-02,10,11,18,False,False,False,,,110678.5546875,,,-6.1091187846561565
2025-11-03,9,13,26,False,False,False,185.3000030517578,4008.10009765625,106592.1328125,-1.716140249432201,-0.3018911045491497,-4.947297280162489
2025-11-04,15,22,39,False,False,False,183.0200042724609,3942.5,101627.46875,-0.25134231402507123,1.7070399195466073,1.7179395088495697
2025-11-05,16,18,40,False,False,True,183.94000244140625,3982.800048828125,103917.0703125,0.6850029847299292,0.921461050566005,-1.5718137622510737
2025-11-06,14,18,39,False,False,False,182.1199951171875,3996.0,101318.703125,2.020650139048358,3.2682707121183685,3.376844446754262
2025-11-07,10,16,25,False,False,False,182.55999755859372,4009.800048828125,103373.3671875,2.026729293231234,3.464016778716159,2.547312000318022
2025-11-08,10,16,22,False,False,False,,,102283.6875,,,0.7351260800995271
2025-11-09,9,14,19,False,False,False,,4019.5,104740.078125,,4.381144362638388,-2.9497051107913714
2025-11-10,15,23,35,False,False,False,185.1999969482422,4126.60009765625,106006.609375,-1.0259146478362882,1.509712674191131,-5.91622898513256
2025-11-11,14,25,32,False,False,False,185.8000030517578,4148.7001953125,103035.6015625,-1.4208823176999885,-1.5498900846438866,-8.375002663293643
2025-11-12,15,22,35,False,False,False,186.25999450683597,4195.60009765625,101650.5546875,-2.6468338994825547,-2.3500833101641425,-6.028304229463824
2025-11-13,13,14,33,False,False,False,183.3000030517578,4188.89990234375,99735.015625,-1.925803993740317,-3.6429577472176686,-5.510813732827346
2025-11-14,15,21,29,False,False,False,183.16000366210935,4084.39990234375,94406.3671875,-1.6870475410073547,-0.1934164756790049,0.693527772019482
2025-11-15,10,9,15,False,False,False,,,95522.75,,,-10.90753740601061
2025-11-16,12,18,17,False,False,False,,4097.0,94238.8046875,,0.17817438827190626,-10.163151839902735
2025-11-17,12,19,31,False,False,False,181.3300018310547,4036.300048828125,95061.1015625,-2.18386735448044,1.075239744784347,-8.691441138064079
2025-11-18,19,26,28,False,False,False,179.77000427246094,4076.5,,-0.28370125911107225,-0.3360714135134306,
2025-11-19,4,18,27,False,False,False,180.07000732421875,4104.2998046875,,0.6830652954461409,-0.7967182853919159,
2025-11-20,14,24,31,False,False,False,177.3699951171875,4079.699951171875,,3.270002374373286,1.5246207298653998,
2025-11-21,18,27,37,False,False,False,179.25999450683594,4062.800048828125,85103.5703125,3.029124233496082,2.5795029922369315,3.710405437051563
2025-11-22,16,23,24,False,False,False,,,84661.171875,,,3.175968912844676
2025-11-23,11,22,20,False,False,False,,4071.60009765625,86798.921875,,3.070046099860205,4.28958380999476
2025-11-24,8,22,25,False,False,False,181.3000030517578,4141.89990234375,88261.2578125,2.266961136883271,0.9850622644372117,3.4288472938252124
2025-11-25,11,27,25,False,False,False,183.1699981689453,4167.60009765625,87349.984375,0.9062639508126678,2.0107448585248577,4.1096082766185384
2025-11-26,6,24,22,False,False,False,184.69000244140625,4196.60009765625,90522.234375,0.32486373750355674,1.4464019830040524,0.26408394484573283
2025-11-27,6,16,17,False,False,False,,4182.7001953125,91287.6015625,,1.850476934265839,-5.457151945863404
2025-11-28,7,20,25,False,False,False,185.41000366210935,4251.39990234375,90939.7265625,0.3236021966862376,-0.17405801650582237,0.4628752646520253
2025-11-29,6,11,16,False,False,False,,,90761.2890625,,,3.119351974552064
2025-11-30,5,8,13,False,False,False,,4257.2998046875,,,-0.4768234707160839,
2025-12-01,7,15,17,False,False,False,184.8300018310547,4260.10009765625,86305.8984375,0.8169639624935936,-0.5610173891664857,6.767896349784175
2025-12-02,16,25,32,False,False,False,185.2899932861328,4244.0,91360.6640625,0.7070067811810029,-0.38406702845193214,-2.165934891460827
2025-12-03,12,23,32,False,False,False,186.00999450683597,4237.0,93592.453125,-0.016127509371992036,-0.15104796657422703,-4.617751798564154
2025-12-04,18,29,36,False,False,False,186.33999633789065,4236.2001953125,92146.9921875,-0.28978925445166914,-0.2927243768772178,-1.9824304153986307
2025-12-05,15,27,36,False,False,False,186.6000061035156,4227.7001953125,89381.8515625,0.326902781564324,0.2601887430948,1.3823240998045867
2025-12-06,8,17,16,False,False,False,,,89270.5859375,,,3.8253781625124104
2025-12-07,7,13,14,False,False,False,,4230.60009765625,90320.2421875,,0.7327565660761456,1.921245332688175
2025-12-08,15,37,30,False,True,False,185.97999572753903,4223.7998046875,90617.3984375,1.0001078896014832,1.9437497384496474,2.095546462647255
2025-12-09,13,34,34,False,False,False,185.8000030517578,4238.7001953125,92685.5234375,0.17222392904942427,2.1492345572292506,-2.6114430794925076
2025-12-10,18,24,33,False,False,False,187.2100067138672,4261.60009765625,92055.515625,-0.5181353484942992,1.6965412762981371,-1.910268820462109
2025-12-11,21,37,38,False,True,False,187.83999633789065,4305.89990234375,92516.328125,-1.9697599128923433,0.6316959504259406,-4.695581607638517
2025-12-12,17,29,32,False,False,False,186.1199951171875,4329.7998046875,90265.09375,-2.0470651507350803,0.16398212334351667,-4.25735585080473
2025-12-13,13,16,18,False,False,False,,,90297.0078125,,,-2.7119011851254418
2025-12-14,6,12,14,False,False,False,,4333.89990234375,88172.1484375,,0.8560441748132315,-2.344295405782456
2025-12-15,11,23,24,False,False,False,186.2400054931641,4333.10009765625,86422.1875,-1.3692026291587702,0.7708084648636625,-1.127549710541636
2025-12-16,15,24,30,False,False,False,184.13999938964844,4336.89990234375,87848.2421875,0.5484927284586183,1.1621181830023988,0.29134938403630195
2025-12-17,17,18,30,False,False,False,182.30999755859372,4371.0,86105.1328125,2.1885829337920533,0.3271517887783116,2.609065207984752
2025-12-18,14,21,38,False,False,False,183.69000244140625,4366.5,85447.734375,1.9271562083309226,2.881021520382457,3.7188851737767328
2025-12-19,13,21,25,False,False,False,185.1499938964844,4387.2998046875,88104.1875,1.393465793197425,3.341465233345094,0.4365037984148029
2025-12-20,5,12,22,False,False,False,,,88351.671875,,,-1.0723658136774787
2025-12-21,6,9,11,False,False,False,,4385.2998046875,88625.4375,,2.743262680470776,-1.1394778022957572
2025-12-22,11,17,20,False,False,False,186.3000030517578,4492.2998046875,88488.765625,0.7997800375564414,1.3445316041012019,-1.4514819236410836
2025-12-23,18,20,30,False,False,False,187.22999572753903,4533.89990234375,87404.21875,-0.032044843221078353,0.3749531389348061,-0.1147327342251429
2025-12-24,7,14,16,False,False,False,187.72999572753903,4505.60009765625,87615.5703125,-0.38885406922317817,-3.204898331275889,0.21684751559837082
2025-12-25,5,6,8,False,False,False,,,87204.3671875,,,0.7175672734996876
2025-12-26,7,14,13,False,False,False,187.7899932861328,4552.7001953125,87303.9375,-1.0650194746812893,-4.432540784840727,-0.18180021949181843
2025-12-27,6,12,12,False,False,False,,,87805.5625,,,0.7033473818928043
2025-12-28,7,9,7,False,False,False,,4550.89990234375,87830.1171875,,-4.807836018867748,-0.37363500472102795
2025-12-29,10,21,19,False,False,False,187.1699981689453,4361.2001953125,87145.21875,-0.3045317470779819,-0.7245734256871394,1.809452756121517
2025-12-30,9,28,17,False,False,False,187.0,4350.89990234375,88423.140625,0.5187172303225267,0.7010044056304354,1.7223732970070582
2025-12-31,11,18,26,False,False,False,185.7899932861328,4332.10009765625,87501.953125,1.7223813567305426,2.737704461640093,3.54139416530881
2026-01-01,7,8,13,False,False,False,,,88722.0703125,,,3.0108066579051065
2026-01-02,7,12,11,False,False,False,186.6000061035156,4329.60009765625,89946.1171875,0.8681645574485366,4.041943737361172,4.397094336774369
2026-01-03,5,14,10,False,False,False,,,90600.7421875,,,3.4557525958456985
2026-01-04,14,30,21,False,False,False,,4381.39990234375,91393.3203125,,2.072403683584738,-0.09829595553901001
2026-01-05,22,44,28,False,True,False,187.97000122070312,4450.7001953125,93901.1328125,0.13831702141164487,0.7773969905104029,-3.06213857743496
2026-01-06,17,43,30,False,True,False,188.9900054931641,4504.60009765625,93731.6796875,0.2777892381739393,0.2952493983743398,-3.4576423476087617
2026-01-07,18,41,27,False,True,False,188.22000122070312,4472.2001953125,91303.484375,0.9563293168015312,1.7418697496011055,-1.004967465131311
2026-01-08,17,37,34,False,True,False,188.22999572753903,4485.2998046875,91025.75,0.6906460613427319,2.7266915990974856,-0.23685777101534458
2026-01-09,22,28,36,False,False,False,189.51499938964844,4517.89990234375,90490.7734375,-0.28757521605178077,1.9035392961093671,0.7363492427879603
2026-01-10,8,13,18,False,False,False,,,90385.9140625,,,5.496578603016216
2026-01-11,8,18,15,False,False,False,,4550.10009765625,90810.1484375,,1.5274389246029851,6.741606092862522
2026-01-12,17,33,36,False,False,False,190.0200042724609,4607.60009765625,91157.1015625,-0.39996302943725875,0.1519229067548786,4.814936164891844
2026-01-13,32,33,42,True,False,True,189.52999877929688,4603.89990234375,95354.046875,-0.15300653616870133,-0.18462608180670534,0.18646789866515562
2026-01-14,27,35,38,False,False,False,188.97000122070312,4619.60009765625,96932.2109375,-1.772771382693205,1.1169819154352616,-1.8913104784972552
2026-01-15,21,36,36,False,True,False,189.25999450683597,4614.60009765625,95546.2578125,-0.8348313837648595,3.579935498964574,-2.021885505229347
2026-01-16,23,38,35,False,True,False,189.2400054931641,4595.39990234375,95531.8515625,-0.3487653999953222,4.008360517624463,-3.122886779335786
2026-01-17,21,22,23,False,False,False,,,95098.921875,,,-7.107656484670322
2026-01-18,25,27,20,False,False,False,,,93614.421875,,,-4.535358884840627
2026-01-19,30,33,28,True,False,False,,4671.2001953125,92548.5,,6.199683106401865,-3.334923715673404
2026-01-20,34,45,29,True,True,False,185.6199951171875,4779.7998046875,88339.6171875,1.745504567607912,4.182191698258152,1.3153869684918935
2026-01-21,56,64,41,True,True,True,187.67999267578125,4779.60009765625,89368.671875,1.1881985684965681,5.420957660941209,-0.22286543015720517
2026-01-22,45,44,41,True,True,True,188.5800018310547,4960.7998046875,89462.078125,1.4158437496131293,1.5501611363622494,-3.2468453375758197
2026-01-23,33,38,33,True,True,False,188.8600006103516,4979.7001953125,89501.625,1.032509235380808,3.8054499782613513,-1.3337048349680802
2026-01-24,19,25,29,False,False,False,,,89169.5,,,-0.06584194988196637
2026-01-25,15,20,24,False,False,False,,5038.7001953125,86557.3828125,,9.937080747472347,3.036840174216075
2026-01-26,15,27,33,False,False,False,189.91000366210935,5037.7001953125,88307.9375,0.4607445543294353,8.533653962650757,-4.241930050172443
2026-01-27,28,28,39,True,False,False,191.25,5169.2001953125,89110.7890625,-0.8679757710375667,-5.062682531618978,-5.6018048459865755
2026-01-28,26,25,38,False,False,False,190.80999755859372,5539.39990234375,89185.9921875,-0.07860903432919705,-13.985264120459517,-11.750487722856562
2026-01-29,28,32,40,True,False,True,190.78500366210935,5467.60009765625,84561.9765625,-0.6892588076446317,-12.237546376939079,-8.869668723928724
2026-01-30,21,32,39,False,False,False,189.58999633789065,4907.5,84118.9765625,-0.3217472557278104,1.2470747898624555,-6.466204071632544
2026-01-31,16,12,28,False,False,False,,,78706.203125,,,-3.8709127318228767
2026-02-01,10,12,15,False,False,False,,4764.7001953125,77061.609375,,5.639383298357284,-5.214831152752576
2026-02-02,18,19,33,False,False,False,190.66000366210935,4798.5,78679.671875,-2.2186147619217444,-1.5942482025633011,-19.955584342286635
2026-02-03,12,23,31,False,False,False,189.47000122070312,4968.7001953125,75659.5546875,0.3800080308567874,0.22339060395456006,-6.775488844301823
2026-02-04,15,24,38,False,False,False,188.97999572753903,5033.39990234375,73042.9765625,1.4869285755753103,0.47681488587514476,-5.17534572165937
2026-02-05,13,30,33,False,False,False,186.42999267578125,4722.0,62978.68359375,2.730253605454812,7.058445673178738,11.686549696285505
2026-02-06,17,17,30,False,False,False,190.19000244140625,4979.7998046875,70533.25,0.8202311049837407,1.692845019380054,-0.6057426816430549
2026-02-07,13,9,21,False,False,False,,,69262.75,,,-0.7030406856499345
2026-02-08,5,10,12,False,False,False,,5057.39990234375,70338.71875,,0.5160773947133276,-4.756315311757082
2026-02-09,14,18,24,False,False,False,191.7899932861328,5055.2998046875,70106.0,-1.4521030819190701,-2.286701359785049,-5.531055205688529
2026-02-10,19,16,33,False,False,False,191.5200042724609,5064.10009765625,68775.8046875,-1.1147711560133569,-0.3514996272879415,0.12337414718089335
2026-02-11,22,22,24,False,False,False,191.75,5083.5,66993.1875,-1.1421133983865859,-0.885216878135143,4.141185997456831
2026-02-12,17,23,29,False,False,False,189.0050048828125,4939.7001953125,66228.3984375,0.7327819216716861,1.1134278969438658,3.8076920127848286
2026-02-13,24,27,36,False,False,False,189.38499450683597,5046.2998046875,68860.65625,0.2719325208364638,-3.35691316212316,-0.013705213563078699
2026-02-14,10,17,16,False,False,False,,,69767.5,,,-3.239588185759845
2026-02-15,11,14,17,False,False,False,,5038.5,68750.171875,,-0.867325499900764,-3.3958437831178148
2026-02-16,15,21,21,False,False,False,,4994.7001953125,68851.21875,,0.21822936147357755,-2.7695361238612786
2026-02-17,13,22,28,False,False,False,189.55999755859372,4876.89990234375,67507.3203125,0.8968120754046585,4.182985176750527,0.7292611900769558
2026-02-18,11,27,33,False,False,False,190.38999938964844,4994.7998046875,66415.5234375,-0.4044352512891509,3.8520140575891917,2.372421639472229
2026-02-19,11,27,25,False,False,False,189.8999938964844,5005.60009765625,66944.359375,0.4370731215015571,4.972428829468245,1.1045436753796705
2026-02-20,30,29,34,True,False,False,191.25999450683597,5080.89990234375,67999.625,0.5960469635000915,1.6552205174806882,-5.047580685187602
2026-02-21,12,12,23,False,False,False,,,67991.1796875,,,-5.767378374331873
2026-02-22,13,18,16,False,False,False,,5187.2001953125,67683.7890625,,-0.13880696794788405,0.42676624122398216
2026-02-23,19,24,23,False,False,False,189.6199951171875,5254.5,64567.2890625,1.096931697403125,-1.020079886882672,4.47224812583481
2026-02-24,35,28,34,True,False,False,190.72999572753903,5165.0,64069.87109375,0.07340187321581938,1.6050319911665052,2.8391428376503267
2026-02-25,23,28,42,False,False,True,192.3999938964844,5180.0,67972.640625,-1.211011770363797,4.254824369570463,-1.4785245626169905
2026-02-26,20,23,29,False,False,False,191.6999969482422,5200.89990234375,67454.8984375,-2.3735018905536323,3.0417850426463344,-2.5685217680748953
2026-02-27,15,18,28,False,False,False,190.8699951171875,5247.89990234375,65888.90625,-1.094984225575864,-2.181825151597565,4.4081420193554965
2026-02-28,11,30,23,False,False,False,,,66967.6484375,,,1.989965070587372
2026-03-01,13,40,23,False,True,False,,5400.39990234375,65722.3046875,,-4.1515389801771585,10.571480025747537
2026-03-02,15,57,23,False,True,False,190.07000732421875,5359.10009765625,68793.3828125,-1.625722879785456,-4.916870280427102,2.9034746596834973
2026-03-03,12,52,32,False,True,False,187.1499938964844,5133.39990234375,68300.28125,-1.2129249733919147,0.49285645868342887,-0.26446862178916725
2026-03-04,20,46,40,False,True,True,188.77999877929688,5176.2001953125,72670.125,-1.2554270222018038,-1.7928265806409254,-7.434171710864677
2026-03-05,35,54,44,True,True,True,186.97999572753903,5095.60009765625,70790.78125,-0.2887973571887573,1.063656998047776,-6.780267999231891
2026-03-06,21,38,31,False,True,False,184.8800048828125,5158.7001953125,68119.6484375,,0.8955687534086548,0.4137022231677603
2026-03-07,12,28,16,False,False,False,,,67267.703125,,,3.9416436147268854
2026-03-08,7,28,15,False,False,False,,5083.39990234375,65990.9765625,,2.189485287542181,4.822818460620503
2026-03-09,10,33,21,False,False,False,186.41000366210935,5149.7998046875,68401.4609375,,,
2026-03-10,17,43,29,False,True,False,186.44000244140625,5204.89990234375,69919.15625,,,
2026-03-11,7,22,13,False,False,False,,5194.7001953125,69173.6015625,,,
